danceability,energy,valence,acousticness,artist,group,PC1,PC2
0.113,0.0542,0.0385,0.977,Deuter,Ghost-like,-3.3301952430094053,-0.1420588867423728
0.36,0.0281,0.0768,0.993,Deuter,Ghost-like,-2.692023206657201,0.7505894642696685
0.184,0.0878,0.0374,0.894,Deuter,Ghost-like,-2.938500951825447,-0.12370119045206533
0.269,0.0391,0.051,0.981,Deuter,Ghost-like,-2.934000029677464,0.38891520214483766
0.168,0.0257,0.0695,0.978,Deuter,Ghost-like,-3.199258828515353,0.12182939940597114
0.13,0.031,0.0633,0.992,Deuter,Ghost-like,-3.320088836093862,0.01223884312926193
0.379,0.0747,0.0491,0.949,Deuter,Ghost-like,-2.5126883244810916,0.6165969439073576
0.117,0.039,0.033,0.985,Deuter,Ghost-like,-3.3758601045919843,-0.10299216211928205
0.203,0.025,0.0361,0.985,Deuter,Ghost-like,-3.17344273632268,0.18729098788457194
0.0966,0.00789,0.0459,0.992,Deuter,Ghost-like,-3.491323757242763,-0.08763918902462997
0.12,0.0167,0.0491,0.987,Deuter,Ghost-like,-3.395634734825719,-0.0315686298896864
0.262,0.00502,0.0509,0.985,Deuter,Ghost-like,-3.037498588818906,0.42239948826882573
0.173,0.155,0.0816,0.967,Deuter,Ghost-like,-2.8510821830038324,-0.044344690197132275
0.139,0.0894,0.0374,0.987,Deuter,Ghost-like,-3.196735531009708,-0.09494538470720498
0.142,0.0966,0.0386,0.976,Deuter,Ghost-like,-3.1533724818106488,-0.11388599146836158
0.374,0.0263,0.0664,0.977,Deuter,Ghost-like,-2.651630987470903,0.7495653757959334
0.182,0.0824,0.0389,0.98,Deuter,Ghost-like,-3.0849359013493243,0.037326851795445815
0.188,0.00689,0.078,0.988,Deuter,Ghost-like,-3.190399247705135,0.24259782186666864
0.331,0.0236,0.0359,0.99,Deuter,Ghost-like,-2.8429677393995827,0.5930116725423131
0.111,0.0211,0.0362,0.956,Deuter,Ghost-like,-3.383612245815159,-0.1438949147357441
0.283,0.271,0.0743,0.936,Deuter,Ghost-like,-2.254929136060854,0.06294774237349453
0.134,0.0724,0.058,0.984,Deuter,Ghost-like,-3.2105708091343335,-0.05720934050462286
0.137,0.0649,0.0502,0.933,Bernward Koch,Ghost-like,-3.155002362899897,-0.1436980832648637
0.306,0.0679,0.103,0.895,Bernward Koch,Ghost-like,-2.551600541063383,0.39314973941762893
0.304,0.127,0.0549,0.897,Bernward Koch,Ghost-like,-2.5034374318297115,0.22640055706109596
0.258,0.159,0.0869,0.936,Bernward Koch,Ghost-like,-2.5589334799780765,0.16461826810620017
0.145,0.132,0.0958,0.967,Bernward Koch,Ghost-like,-2.9553125215999505,-0.07444555736272207
0.387,0.125,0.0698,0.897,Bernward Koch,Ghost-like,-2.261825751416873,0.5104362886977273
0.269,0.127,0.0981,0.94,Bernward Koch,Ghost-like,-2.5908768308034857,0.26976592749451267
0.301,0.151,0.0797,0.936,Bernward Koch,Ghost-like,-2.4745218018218704,0.2964164011348416
0.153,0.0555,0.0618,0.978,Bernward Koch,Ghost-like,-3.183365359929458,0.020640357387193366
0.255,0.127,0.0388,0.929,Bernward Koch,Ghost-like,-2.7096879484893526,0.10651181667047953
0.557,0.54,0.394,0.0339,The Beatles,Organic,1.0014796126940173,-0.5787420575818171
0.332,0.179,0.315,0.879,The Beatles,Organic,-1.8506112491833615,0.6452275674132755
0.443,0.403,0.41,0.631,The Beatles,Organic,-0.5025447596695176,0.3797788595755929
0.462,0.632,0.585,0.091,The Beatles,Organic,1.189227803248682,-0.5750381022937111
0.533,0.376,0.187,0.0302,The Beatles,Organic,0.2222224147772577,-0.7777770819446039
0.688,0.435,0.435,0.449,The Beatles,Organic,0.5440874232902889,0.8004618466825303
0.686,0.127,0.372,0.754,The Beatles,Organic,-0.7405590027341507,1.678468597660609
0.49,0.715,0.866,0.386,The Beatles,Organic,1.470850411560228,0.40708241141776197
0.386,0.607,0.532,0.0112,The Beatles,Organic,0.9626474124794009,-1.0094657427162734
0.818,0.728,0.975,0.232,The Beatles,Organic,2.791663433484508,1.3033435516624796
0.482,0.849,0.937,0.641,The Beatles,Organic,1.4871104136523214,0.7793059281886582
0.425,0.369,0.65,0.183,The Beatles,Organic,0.45166447583735864,-0.041591265992798214
0.521,0.301,0.621,0.836,The Beatles,Organic,-0.49256269753637283,1.4940690593461512
0.593,0.289,0.733,0.568,The Beatles,Organic,0.2661133020180048,1.4324335577760097
0.396,0.338,0.377,0.198,The Beatles,Organic,-0.17222017668450762,-0.5202737184874785
0.39,0.502,0.289,0.336,The Beatles,Organic,-0.16641524738004485,-0.6658125556089954
0.453,0.654,0.702,0.0205,The Beatles,Organic,1.5171925484822746,-0.565290610000348
0.534,0.725,0.763,0.188,The Beatles,Organic,1.7426650300332944,-0.006486788997422393
0.581,0.28,0.813,0.936,The Beatles,Organic,-0.21529568204553307,2.2150567270603347
0.767,0.331,0.636,0.64,The Beatles,Organic,0.5569140340935923,1.8782237827704515
0.257,0.412,0.858,0.361,The Beatles,Organic,0.17542884494644528,0.055275019742192524
0.416,0.563,0.9,0.207,The Beatles,Organic,1.2522483735883336,0.1229768441954022
0.311,0.325,0.668,0.0469,The Beatles,Organic,0.2833034880941069,-0.5496809248549338
0.578,0.29,0.666,0.652,The Beatles,Organic,-0.010673402680570335,1.4252181064859706
0.445,0.436,0.483,0.58,The Beatles,Organic,-0.22247439341101252,0.3694347489000717
0.402,0.552,0.668,0.028,The Beatles,Organic,1.0782203365490717,-0.6227719721612026
0.417,0.163,0.216,0.676,The Beatles,Organic,-1.5150365623467426,0.3923572747563149
0.631,0.387,0.832,0.742,The Beatles,Organic,0.49206728925491383,1.8965015805746632
0.422,0.656,0.549,0.0126,The Beatles,Organic,1.1976975463661204,-0.9361064314560386
0.705,0.515,0.803,0.365,The Beatles,Organic,1.5114355106141322,1.2073025480421187
0.59,0.805,0.797,0.137,The Beatles,Organic,2.2106063174971764,0.017923817822804514
0.491,0.801,0.971,0.27,The Beatles,Organic,2.0225219543060753,0.2543140527485549
0.52,0.829,0.744,0.386,The Beatles,Organic,1.6116170738543667,0.13360501006706146
0.616,0.636,0.654,0.208,The Beatles,Organic,1.5453802249237412,0.2245256504914241
0.419,0.152,0.239,0.326,The Beatles,Organic,-0.9632699522271392,-0.18647620909154272
0.496,0.703,0.936,0.525,The Beatles,Organic,1.3631943149303707,0.8143555806334397
0.299,0.329,0.392,0.756,The Beatles,Organic,-1.2778831651617133,0.2375229954640072
0.364,0.457,0.175,0.29,The Beatles,Organic,-0.4582028398120081,-0.9589202548404149
0.29,0.247,0.36,0.921,The Beatles,Organic,-1.7954991951698522,0.5725342432369883
0.704,0.241,0.661,0.625,The Beatles,Organic,0.24559670641371173,1.8251972698526586
0.534,0.624,0.687,0.00797,The Beatles,Organic,1.6585143089195817,-0.32132276540382
0.48,0.969,0.494,0.069,The Beatles,Organic,1.8968352700006414,-1.187198923197607
0.4,0.48,0.653,0.346,The Beatles,Organic,0.39719551597590663,0.02787213367084462
0.665,0.782,0.731,0.12,The Beatles,Organic,2.2743942324863964,0.13939253824280065
0.377,0.916,0.912,0.26,The Beatles,Organic,1.900820926891841,-0.3769578397560098
0.626,0.512,0.73,0.155,The Beatles,Organic,1.4929611849348767,0.4611499345210922
0.423,0.819,0.144,0.0381,The Beatles,Organic,0.8663944101628975,-1.798496156142718
0.398,0.392,0.378,0.207,The Beatles,Organic,-0.05448707032955126,-0.5719500689118117
0.401,0.189,0.357,0.871,The Beatles,Organic,-1.5616272665435247,0.9002548414725908
0.483,0.351,0.713,0.783,The Beatles,Organic,-0.24555942169762984,1.3647607124049066
0.754,0.571,0.82,0.0173,The Beatles,Organic,2.329634696856509,0.6733177046146049
0.519,0.85,0.749,0.0457,The Beatles,Organic,2.1845280616918425,-0.5121323129255428
0.651,0.488,0.49,0.212,The Beatles,Organic,1.0199606740296288,0.2715815078406679
0.761,0.592,0.332,0.492,The Beatles,Organic,0.8646393729563581,0.7097353926736393
0.37,0.515,0.42,0.0233,The Beatles,Organic,0.5039441637234024,-1.0961069864954986
0.727,0.338,0.646,0.79,The Beatles,Organic,0.254119203522645,2.0357747853159243
0.451,0.673,0.583,0.0857,The Beatles,Organic,1.2591345358158754,-0.67971309292646
0.401,0.556,0.654,0.0828,The Beatles,Organic,0.9780228116615205,-0.554996884527496
0.689,0.313,0.625,0.789,The Beatles,Organic,0.061812148453688646,1.9164668757833287
0.652,0.583,0.744,0.412,The Beatles,Organic,1.3573126587378253,0.9344818244800471
0.604,0.549,0.696,0.531,The Beatles,Organic,0.8898726335506479,0.9706368844485963
0.483,0.677,0.842,0.283,The Beatles,Organic,1.4818885650116962,0.21036357310186296
0.455,0.502,0.674,0.699,The Beatles,Organic,0.0912268251708704,0.8467611845932697
0.479,0.733,0.806,0.306,The Beatles,Organic,1.5055875566674322,0.10055724617937598
0.655,0.695,0.33,0.101,The Beatles,Organic,1.411997163766933,-0.47975354227518363
0.699,0.294,0.893,0.587,The Beatles,Organic,0.7966001804222643,2.056894499896277
0.564,0.827,0.912,0.0904,The Beatles,Organic,2.453438970874207,0.015496528236630919
0.493,0.762,0.708,0.00216,The Beatles,Organic,1.9107868714246643,-0.6171916042117156
0.647,0.56,0.913,0.723,The Beatles,Organic,1.0966409781590765,1.8043253363397225
0.605,0.314,0.836,0.916,The Beatles,Organic,-0.0042799661067340795,2.243520799988448
0.552,0.734,0.846,0.221,The Beatles,Organic,1.8986035236186463,0.23658170319549554
0.665,0.31,0.568,0.68,The Beatles,Organic,0.06263649448200911,1.5514639601630666
0.494,0.47,0.698,0.21,The Beatles,Organic,0.9069584472795922,0.15945020536070806
0.352,0.479,0.354,0.339,The Beatles,Organic,-0.21777469809671612,-0.6356539333366072
0.543,0.458,0.704,0.226,The Beatles,Organic,0.9956311989775087,0.36686427885215844
0.407,0.834,0.71,0.0734,The Beatles,Organic,1.7418692693302404,-0.8503608454688261
0.764,0.426,0.726,0.629,The Beatles,Organic,0.9337023712918673,1.8669406877486743
0.381,0.214,0.393,0.944,The Beatles,Organic,-1.6090771334145557,0.9973879371778652
0.633,0.385,0.647,0.411,The Beatles,Organic,0.6911066519742206,0.9890724199614684
0.328,0.249,0.162,0.754,The Beatles,Organic,-1.7627514639210538,0.04817969378790608
0.641,0.722,0.698,0.117,The Beatles,Organic,2.021960885072997,0.08864166785339672
0.619,0.625,0.467,0.0119,The Beatles,Organic,1.5173340842353846,-0.42414135169647704
0.388,0.529,0.332,0.16,The Beatles,Organic,0.23006466123330713,-0.9589347911829608
0.378,0.677,0.648,0.0635,The Beatles,Organic,1.2150096718491499,-0.8415620497953069
0.469,0.596,0.783,0.0101,The Beatles,Organic,1.5762325422113688,-0.3167715454503671
0.673,0.349,0.609,0.608,The Beatles,Organic,0.3515725230042115,1.45889300104949
0.335,0.416,0.223,0.345,The Beatles,Organic,-0.6344737746963021,-0.8093506423285074
0.431,0.54,0.44,0.523,The Beatles,Organic,-0.004442514453573211,0.003327394886749928
0.667,0.498,0.774,0.00772,The Beatles,Organic,1.8675810574488754,0.4125310747178157
0.512,0.0953,0.193,0.828,The Beatles,Organic,-1.687367901126816,1.0195800835533952
0.44,0.609,0.364,0.0715,The Beatles,Organic,0.7411975155124968,-1.0187294057296934
0.38,0.829,0.0534,8.4e-05,The Beatles,Organic,0.6825791810372546,-2.1674082152073058
0.527,0.48,0.706,0.334,The Beatles,Organic,0.8422624007333452,0.4871701136788871
0.364,0.483,0.7,0.281,The Beatles,Organic,0.4849760407939028,-0.126917933349851
0.581,0.821,0.968,0.507,The Beatles,Organic,1.94249494178272,0.931688072725555
0.726,0.702,0.931,0.0974,The Beatles,Organic,2.618537543631264,0.7360363506644856
0.569,0.557,0.292,0.038,The Beatles,Organic,0.8975034993604979,-0.7300899493611415
0.437,0.669,0.514,0.0344,The Beatles,Organic,1.1764887784435647,-0.9272968506842013
0.472,0.856,0.841,0.147,The Beatles,Organic,2.070815074384951,-0.3254894849067538
0.521,0.524,0.711,0.42,The Beatles,Organic,0.8048070904087535,0.5722563166387379
0.647,0.487,0.222,0.00101,The Beatles,Organic,0.8848272968829809,-0.5764948098754026
0.53,0.72,0.69,0.00376,The Beatles,Organic,1.8804913118493833,-0.4713571166548064
0.555,0.65,0.966,0.0067,The Beatles,Organic,2.2385228076250954,0.17490077341592997
0.488,0.539,0.473,0.136,The Beatles,Organic,0.790159294908656,-0.4705877843632404
0.608,0.565,0.835,0.635,The Beatles,Organic,1.0090637234432234,1.3847379103876272
0.433,0.483,0.717,0.656,The Beatles,Organic,0.1254983308925882,0.7995592549104815
0.676,0.596,0.97,0.0699,The Beatles,Organic,2.347289911311982,0.7464026061377805
0.524,0.88,0.758,0.404,The Beatles,Organic,1.7355818258694502,0.13067314877069114
0.608,0.494,0.879,0.778,The Beatles,Organic,0.7002446326858529,1.8199793308384251
0.682,0.444,0.91,0.257,The Beatles,Organic,1.6282988881070573,1.2193421843201795
0.356,0.26,0.49,0.913,The Beatles,Organic,-1.361858565023887,0.962430150269818
0.287,0.753,0.882,0.0652,The Beatles,Organic,1.5322508242961799,-0.8317030077494908
0.483,0.177,0.192,0.284,The Beatles,Organic,-0.7486211786547737,-0.18011062661466928
0.474,0.939,0.499,0.00472,The Beatles,Organic,1.9179714337098386,-1.2724808030882022
0.516,0.515,0.524,0.379,The Beatles,Organic,0.5235170993658743,0.17937101485928172
0.658,0.537,0.887,0.138,The Beatles,Organic,1.9219493858077696,0.758330493162282
0.65,0.777,0.574,0.141,The Beatles,Organic,1.9307800702599167,-0.12616466480519384
0.77,0.496,0.571,0.719,The Beatles,Organic,0.7171047801206504,1.6900609618257558
0.351,0.749,0.967,0.289,The Beatles,Organic,1.4933856631714413,-0.07655236421054368
0.383,0.558,0.207,0.0303,The Beatles,Organic,0.27429798977658365,-1.4627696494904288
0.546,0.818,0.756,0.0487,The Beatles,Organic,2.189860441802087,-0.3665217372625368
0.426,0.76,0.955,0.118,The Beatles,Organic,1.9597984407901652,-0.19315796787080966
0.391,0.593,0.707,0.7,The Beatles,Organic,0.18327086102871382,0.5787138087219978
0.291,0.638,0.525,0.179,The Beatles,Organic,0.5130651314431381,-1.0515345919527679
0.397,0.625,0.676,0.437,The Beatles,Organic,0.6227259123202026,0.019596502575005278
0.718,0.593,0.869,0.67,The Beatles,Organic,1.370154709995582,1.8060015393824889
0.632,0.471,0.764,0.313,The Beatles,Organic,1.2298679534176313,0.8832377238297879
0.469,0.507,0.619,0.382,The Beatles,Organic,0.5323950158939874,0.21122868974905654
0.679,0.592,0.55,0.0964,The Beatles,Organic,1.6100467916622594,0.10167225488248624
0.651,0.892,0.962,0.00465,The Beatles,Organic,3.049040134260849,0.12016702419477807
0.329,0.678,0.672,0.103,The Beatles,Organic,1.066043318604014,-0.8815608033330725
0.552,0.644,0.961,0.675,The Beatles,Organic,1.1893659792027906,1.386263566212655
0.322,0.394,0.192,0.364,The Beatles,Organic,-0.8001952852915805,-0.8360681120460484
0.602,0.736,0.819,0.149,The Beatles,Organic,2.1017416151475365,0.21102901132280577
0.66,0.337,0.703,0.213,The Beatles,Organic,1.0472068501183966,0.8726811486396872
0.381,0.608,0.742,0.113,The Beatles,Organic,1.1441911008583077,-0.4863618267873756
0.66,0.557,0.788,0.158,The Beatles,Organic,1.7789199169416907,0.6060036199289704
0.599,0.363,0.648,0.333,The Beatles,Organic,0.6702396895978278,0.7743372122498405
0.563,0.705,0.822,0.0103,The Beatles,Organic,2.1426542471335783,-0.11396545325586412
0.523,0.51,0.789,0.0123,The Beatles,Organic,1.528734968693544,-0.015025619480288847
0.461,0.762,0.632,0.0537,The Beatles,Organic,1.6209084991065308,-0.7499131408321051
0.636,0.677,0.837,0.265,The Beatles,Organic,1.9094411985412874,0.6411548569492284
0.373,0.388,0.687,0.525,The Beatles,Organic,-0.10354979417786107,0.4582410627179753
0.629,0.551,0.685,0.22,The Beatles,Organic,1.417213346113407,0.45839818045761566
0.601,0.489,0.638,0.277,The Beatles,Organic,1.0348167104870323,0.4841043278806878
0.698,0.293,0.724,0.784,The Beatles,Organic,0.21133044024442935,2.1301318207807354
0.554,0.904,0.801,0.0638,The Beatles,Organic,2.4609373358826607,-0.3593902232943699
0.533,0.66,0.818,0.346,The Beatles,Organic,1.4403522122876773,0.46316758426931026
0.472,0.292,0.824,0.872,The Beatles,Organic,-0.3627725497220264,1.7634958501331464
0.481,0.262,0.375,0.735,Pink Floyd,Organic,-0.9426492365379301,0.826348769742543
0.472,0.366,0.171,0.15,Pink Floyd,Organic,-0.17282074917964738,-0.7600945643879329
0.693,0.394,0.721,0.0782,Pink Floyd,Organic,1.5020252678833148,0.6784538707305353
0.359,0.48,0.355,0.521,Pink Floyd,Organic,-0.47264693097016025,-0.28136457380091767
0.431,0.373,0.253,0.389,Pink Floyd,Organic,-0.49474423794640976,-0.32170233388816144
0.264,0.294,0.0402,0.772,Pink Floyd,Organic,-2.0590394379704837,-0.3850562218710872
0.519,0.413,0.267,0.205,Pink Floyd,Organic,0.13609382876082435,-0.4189087248695179
0.468,0.536,0.785,0.024,Pink Floyd,Organic,1.417389838663504,-0.20668572295907936
0.287,0.499,0.142,0.464,Pink Floyd,Organic,-0.886902548317072,-0.9934296381957798
0.324,0.265,0.208,0.0732,Pink Floyd,Organic,-0.622264129580268,-1.1525656804082003
0.587,0.302,0.19,0.223,Pink Floyd,Organic,-0.09321688280991311,-0.14985222494889988
0.454,0.65,0.72,0.407,Pink Floyd,Organic,0.9511108679758419,0.1796834464418713
0.357,0.302,0.135,0.862,Pink Floyd,Organic,-1.7725872356611854,0.2148373930477048
0.285,0.322,0.138,0.367,Pink Floyd,Organic,-1.1589164911138756,-0.9344913568326383
0.442,0.56,0.475,0.252,Pink Floyd,Organic,0.5422111727175839,-0.4268314082931941
0.381,0.341,0.178,0.161,Pink Floyd,Organic,-0.47851818685191444,-0.9738207134190298
0.381,0.358,0.036,0.524,Pink Floyd,Organic,-1.2280333294102956,-0.5741179223519156
0.359,0.577,0.141,0.0589,Pink Floyd,Organic,0.10110722253526021,-1.6225779798005715
0.578,0.15,0.12,0.243,Pink Floyd,Organic,-0.6140104696038388,-0.045251492200982124
0.599,0.399,0.222,0.128,Pink Floyd,Organic,0.3602418997602446,-0.3688592952707603
0.517,0.463,0.49,0.0116,Pink Floyd,Organic,0.9102415499441497,-0.4727339755506182
0.615,0.55,0.549,0.0546,Pink Floyd,Organic,1.4044958771014562,-0.11474780989869947
0.515,0.565,0.374,0.113,Pink Floyd,Organic,0.7932562040956378,-0.6327527951462504
0.277,0.672,0.505,0.197,Pink Floyd,Organic,0.4934895267881432,-1.1434057968990055
0.321,0.479,0.14,0.076,Pink Floyd,Organic,-0.25392820077252515,-1.5724105687835228
0.497,0.278,0.293,0.731,Pink Floyd,Organic,-0.9927774215549853,0.7076710064135256
0.389,0.563,0.134,0.65,Pink Floyd,Organic,-0.7640011099876026,-0.442507939625268
0.396,0.341,0.148,0.384,Pink Floyd,Organic,-0.8282030622477402,-0.5708141209403865
0.288,0.485,0.124,0.576,Pink Floyd,Organic,-1.117093805926596,-0.7964304962653596
0.638,0.0811,0.0503,0.879,Pink Floyd,Organic,-1.697890328027986,1.2809341841344835
0.419,0.575,0.354,0.103,Pink Floyd,Organic,0.5421851336573216,-0.995017928761919
0.664,0.171,0.378,0.3,Pink Floyd,Organic,0.0043389667863911584,0.729595685972955
0.361,0.211,0.222,0.452,Pink Floyd,Organic,-1.2023810615024684,-0.246973083528423
0.162,0.411,0.246,0.3,Pink Floyd,Organic,-1.001058327901399,-1.3795413857184748
0.462,0.364,0.0781,0.787,Pink Floyd,Organic,-1.329299673255859,0.21869666827697676
0.74,0.231,0.546,0.551,Pink Floyd,Organic,0.2410078105592888,1.6213298439573516
0.479,0.324,0.57,0.204,Pink Floyd,Organic,0.3275618698640866,0.09183527127503083
0.691,0.324,0.543,0.171,Pink Floyd,Organic,0.8990320112350236,0.6401935536131099
0.406,0.128,0.191,0.359,Pink Floyd,Organic,-1.1831048672462772,-0.21346758558517506
0.448,0.402,0.244,0.365,Pink Floyd,Organic,-0.3608377410723201,-0.3690528046630711
0.671,0.0721,0.334,0.514,Pink Floyd,Organic,-0.6041131377554954,1.207018964827333
0.381,0.508,0.403,0.00613,Pink Floyd,Organic,0.515196392136617,-1.1123349934471458
0.316,0.49,0.267,0.416,Pink Floyd,Organic,-0.5500172056189347,-0.7682356609902585
0.653,0.472,0.448,0.0554,Pink Floyd,Organic,1.1576463358190643,-0.05655868834958648
0.28,0.716,0.0618,0.0652,Pink Floyd,Organic,0.06983367212148145,-2.1839003196152973
0.602,0.426,0.363,0.306,Pink Floyd,Organic,0.3925927612867438,0.16520827356191953
0.464,0.65,0.15,0.174,Pink Floyd,Organic,0.3890260038827279,-1.175897912570573
0.469,0.6,0.135,0.132,Pink Floyd,Organic,0.32632836427659534,-1.1921227905240888
0.503,0.148,0.521,0.807,Pink Floyd,Organic,-1.0146549909001663,1.4322384506798365
0.307,0.0742,0.0394,0.72,Pink Floyd,Organic,-2.3729041218194626,-0.0394679763795794
0.315,0.428,0.17,0.0237,Pink Floyd,Organic,-0.25805508797448984,-1.5641236263580434
0.497,0.771,0.24,0.187,Pink Floyd,Organic,0.8852357583202043,-1.0688438947239995
0.555,0.0193,0.31,0.917,Pink Floyd,Organic,-1.6896893815182392,1.6189686625270323
0.219,0.453,0.239,0.0364,Pink Floyd,Organic,-0.36176095360445293,-1.7559999921491398
0.571,0.198,0.326,0.435,Pink Floyd,Organic,-0.47364123020129645,0.5635596565266826
0.23,0.704,0.308,0.767,Pink Floyd,Organic,-0.753636931412051,-0.6244730898204006
0.348,0.633,0.0805,0.376,Pink Floyd,Organic,-0.38290651130492454,-1.2581295655723088
0.324,0.11,0.0393,0.0847,Pink Floyd,Organic,-1.276460030520886,-1.197882251016377
0.23,0.429,0.324,0.417,Pink Floyd,Organic,-0.8272826923146814,-0.849863202736395
0.315,0.218,0.156,0.305,Pink Floyd,Organic,-1.1941935046497218,-0.7785041262532163
0.158,0.615,0.303,0.689,Pink Floyd,Organic,-1.040295751078961,-0.8723147946832416
0.423,0.407,0.368,0.00586,Pink Floyd,Organic,0.3369559261245162,-0.9001401452949986
0.386,0.348,0.265,0.626,Pink Floyd,Organic,-1.0139873019448553,0.027712096036852468
0.251,0.148,0.0569,0.713,Pink Floyd,Organic,-2.312623164363818,-0.2993729810307298
0.292,0.454,0.105,0.371,Pink Floyd,Organic,-0.8967474128160711,-1.1469236255958393
0.204,0.401,0.103,0.211,Pink Floyd,Organic,-1.0131346076018983,-1.6394927974830151
0.179,0.162,0.0869,0.678,Pink Floyd,Organic,-2.369481234939583,-0.554584730754371
0.285,0.655,0.0397,0.00678,Pink Floyd,Organic,-0.004939074960144402,-2.22660848517885
0.714,0.224,0.339,0.189,Pink Floyd,Organic,0.36461750179763375,0.5408324019689009
0.368,0.28,0.408,0.522,Pink Floyd,Organic,-0.8233378113679034,0.11895183832071529
0.508,0.103,0.196,0.918,Pink Floyd,Organic,-1.812562636400129,1.1658412537019196
0.259,0.45,0.142,0.39,Pink Floyd,Organic,-0.9617408034837746,-1.1460456831803305
0.456,0.711,0.412,0.203,Pink Floyd,Organic,0.8979849670203662,-0.7917687437050551
0.311,0.493,0.0931,0.00633,Pink Floyd,Organic,-0.21979584526315576,-1.8292722298734312
0.428,0.284,0.169,0.687,Pink Floyd,Organic,-1.3014052503431717,0.1969275441007681
0.33,0.283,0.287,0.575,Pink Floyd,Organic,-1.1990741458576857,-0.10969605813277038
0.456,0.318,0.203,0.0545,Pink Floyd,Organic,-0.12754022568059553,-0.8624147128158449
0.673,0.386,0.194,0.242,Pink Floyd,Organic,0.30759472420510386,0.03877670148020717
0.309,0.49,0.212,0.234,Pink Floyd,Organic,-0.38227743220963895,-1.2149624180237448
0.414,0.37,0.33,0.696,Pink Floyd,Organic,-0.8876246715493612,0.32058178130950443
0.568,0.413,0.634,0.582,Pink Floyd,Organic,0.2998688057888746,1.0395221056176942
0.628,0.473,0.303,0.0355,Pink Floyd,Organic,0.8834095053692408,-0.4158852983515301
0.365,0.204,0.201,0.352,Pink Floyd,Organic,-1.0901371424232988,-0.44282693195470063
0.596,0.17,0.486,0.256,Pink Floyd,Organic,0.06649556737689463,0.6228800373872083
0.445,0.332,0.144,0.479,Pink Floyd,Organic,-0.8696392082706944,-0.24018974214640906
0.315,0.405,0.215,0.239,Pink Floyd,Organic,-0.5648298293771246,-1.062675109041324
0.529,0.739,0.138,0.0237,Bonobo,Organic,0.9769612465429418,-1.3952884284469118
0.542,0.749,0.674,0.173,Bonobo,Organic,1.6948013916151836,-0.19299534599675713
0.64,0.844,0.364,0.395,Bonobo,Organic,1.3233963336980614,-0.1413740653881693
0.705,0.88,0.581,0.00481,Bonobo,Organic,2.53424467700043,-0.338307092600884
0.713,0.725,0.24,0.539,Bonobo,Organic,0.8190215839808629,0.3052660462114561
0.525,0.499,0.338,0.732,Bonobo,Organic,-0.33566192536359024,0.5608336259290678
0.757,0.637,0.429,0.0668,Bonobo,Organic,1.7666912669204142,0.021000940331755893
0.595,0.788,0.414,0.195,Bonobo,Organic,1.4619877567798785,-0.4824404843983605
0.705,0.882,0.583,0.0048,Bonobo,Organic,2.542182117033653,-0.3377676046750325
0.711,0.769,0.482,0.19,Bonobo,Organic,1.8480712800251065,0.007717880545009283
0.706,0.697,0.377,0.316,Bonobo,Organic,1.302742618096989,0.14671198174372063
0.757,0.637,0.429,0.0668,Bonobo,Organic,1.7666912669204142,0.021000940331755893
0.552,0.328,0.0396,0.78,Bonobo,Organic,-1.225138301782214,0.4693611597337835
0.486,0.366,0.0938,0.789,Bonobo,Organic,-1.237675834744319,0.3200563290586611
0.561,0.565,0.0392,0.763,Bonobo,Organic,-0.6296067308856352,0.13197858984067565
0.74,0.708,0.0716,0.0213,Bonobo,Organic,1.3623961781248457,-0.8169322669917759
0.667,0.299,0.382,0.751,Bonobo,Organic,-0.37370269927425775,1.3892381310043158
0.605,0.644,0.747,0.00379,Bonobo,Organic,1.99987279308797,-0.03687255353010462
0.676,0.606,0.0911,0.604,Bonobo,Organic,0.10025566709449543,0.2262272000994862
0.641,0.631,0.0549,0.048,Bonobo,Organic,0.8523002425109293,-0.993462947312824
0.74,0.512,0.0824,0.257,Bonobo,Organic,0.5691324741571807,-0.09248787119517592
0.701,0.557,0.586,0.102,Bonobo,Organic,1.639185249839991,0.28971097911405924
0.681,0.574,0.307,0.247,Bonobo,Organic,0.9417917285508494,-0.0014089347865789054
0.635,0.784,0.31,0.337,Bonobo,Organic,1.1707617837728004,-0.2693533808505596
0.698,0.605,0.467,0.257,Bonobo,Organic,1.308369609565029,0.2954174875374714
0.644,0.432,0.0862,0.757,Bonobo,Organic,-0.6276158807521122,0.6434688268291907
0.776,0.474,0.195,0.0208,Bonobo,Organic,1.1242957060687175,-0.16953391472428989
0.556,0.622,0.177,0.587,Bonobo,Organic,-0.01497676387885102,-0.05279751560281911
0.669,0.885,0.636,0.0181,Bonobo,Organic,2.5205065149675665,-0.33943324175102296
0.731,0.671,0.055,0.213,Bonobo,Organic,0.9332918064575118,-0.4705039682416269
0.679,0.95,0.0495,0.0707,Bonobo,Organic,1.645419477803954,-1.2926462316572906
0.641,0.414,0.269,0.362,Bonobo,Organic,0.2279560001660123,0.24624879827165144
0.653,0.64,0.551,0.00207,Bonobo,Organic,1.796773214269865,-0.2166850984910826
0.54,0.461,0.107,0.236,Bonobo,Organic,-0.009489204961681142,-0.6347417740599918
0.622,0.665,0.457,0.16,Bonobo,Organic,1.3751469671091447,-0.21752189553909554
0.336,0.628,0.312,0.245,Bonobo,Organic,0.15671169364336376,-1.1371341944517228
0.693,0.59,0.237,0.23,Bonobo,Organic,0.9206844083356367,-0.13594373504285567
0.711,0.836,0.321,0.152,Bonobo,Organic,1.7937837693153964,-0.42735307837723274
0.742,0.761,0.509,0.0107,Bonobo,Organic,2.2304969126974314,-0.16733839829369215
0.192,0.0119,0.0753,0.969,Brian Eno,Organic,-3.1436754031154384,0.20863795028322932
0.257,0.0906,0.0451,0.932,Brian Eno,Organic,-2.782386190204245,0.17999276400143555
0.466,0.0155,0.0938,0.956,Brian Eno,Organic,-2.353554859609636,1.0564686745658303
0.377,0.261,0.0457,0.132,Brian Eno,Organic,-0.8484844810193254,-1.149604568022745
0.101,0.241,0.0369,0.819,Brian Eno,Organic,-2.693407756234392,-0.7331641972355292
0.108,0.24,0.0381,0.531,Brian Eno,Organic,-2.235891840281857,-1.234148790404204
0.154,0.208,0.0456,0.84,Brian Eno,Organic,-2.6456123042546613,-0.47017968229017776
0.143,0.13,0.0367,0.918,Brian Eno,Organic,-2.988428474343107,-0.2669262040259566
0.179,0.27,0.119,0.39,Brian Eno,Organic,-1.6282430893799513,-1.1784280909635962
0.0791,0.0979,0.0337,0.942,Brian Eno,Organic,-3.274540276476026,-0.3801577865234732
0.202,0.273,0.0478,0.603,Brian Eno,Organic,-2.00264897339106,-0.8426746456290671
0.263,0.0639,0.0537,0.907,Brian Eno,Organic,-2.7755462081888953,0.20490642880336948
0.155,0.167,0.0367,0.913,Brian Eno,Organic,-2.863494574574551,-0.2910856039874098
0.26,0.00397,0.0368,0.982,Brian Eno,Organic,-3.0640356811279927,0.3884571296567498
0.144,0.275,0.039,0.798,Brian Eno,Organic,-2.464768035852024,-0.6831324582230781
