playlist_type,pl_name,danceability,energy,valence,acousticness
Editorial-style,"Editorial-style (classical, piano)",0.453,0.146,0.0915,0.867
Editorial-style,"Editorial-style (classical, piano)",0.513,0.287,0.265,0.976
Editorial-style,"Editorial-style (classical, piano)",0.592,0.304,0.307,0.564
Editorial-style,"Editorial-style (classical, piano)",0.606,0.0157,0.0639,0.996
Editorial-style,"Editorial-style (classical, piano)",0.347,0.0312,0.0877,0.992
Editorial-style,"Editorial-style (classical, piano)",0.427,0.0771,0.184,0.987
Editorial-style,"Editorial-style (classical, piano)",0.129,0.169,0.0541,0.916
Editorial-style,"Editorial-style (classical, piano)",0.151,0.0292,0.0369,0.985
Editorial-style,"Editorial-style (classical, piano)",0.402,0.83,0.752,0.961
Editorial-style,"Editorial-style (classical, piano)",0.447,0.592,0.283,0.0575
Editorial-style,"Editorial-style (classical, piano)",0.452,0.0261,0.563,0.99
Editorial-style,"Editorial-style (classical, piano)",0.522,0.0141,0.642,0.996
Editorial-style,"Editorial-style (classical, piano)",0.472,0.143,0.444,0.896
Editorial-style,"Editorial-style (classical, piano)",0.707,0.261,0.576,0.994
Editorial-style,"Editorial-style (classical, piano)",0.256,0.516,0.193,0.988
Editorial-style,"Editorial-style (classical, piano)",0.262,0.677,0.365,0.447
Editorial-style,"Editorial-style (classical, piano)",0.49,0.0531,0.319,0.995
Editorial-style,"Editorial-style (classical, piano)",0.697,0.875,0.774,0.137
Editorial-style,"Editorial-style (classical, piano)",0.192,0.0227,0.0354,0.989
Editorial-style,"Editorial-style (classical, piano)",0.574,0.0236,0.245,0.996
Editorial-style,"Editorial-style (classical, piano)",0.451,0.17,0.534,0.959
Editorial-style,"Editorial-style (classical, piano)",0.528,0.487,0.342,0.686
Editorial-style,"Editorial-style (classical, piano)",0.426,0.168,0.517,0.993
Editorial-style,"Editorial-style (classical, piano)",0.377,0.0525,0.256,0.995
Editorial-style,"Editorial-style (classical, piano)",0.215,0.184,0.0949,0.957
Editorial-style,"Editorial-style (classical, piano)",0.367,0.0604,0.0707,0.982
Editorial-style,"Editorial-style (classical, piano)",0.242,0.0296,0.0438,0.993
Editorial-style,"Editorial-style (classical, piano)",0.542,0.337,0.443,0.985
Editorial-style,"Editorial-style (classical, piano)",0.567,0.945,0.961,0.175
Editorial-style,"Editorial-style (classical, piano)",0.407,0.147,0.0765,0.857
Editorial-style,"Editorial-style (classical, piano)",0.421,0.112,0.15,0.994
Editorial-style,"Editorial-style (classical, piano)",0.473,0.075,0.203,0.954
Editorial-style,"Editorial-style (classical, piano)",0.624,0.334,0.397,0.321
Editorial-style,"Editorial-style (classical, piano)",0.27,0.612,0.116,0.174
Editorial-style,"Editorial-style (classical, piano)",0.23,0.144,0.229,0.94
Editorial-style,"Editorial-style (classical, piano)",0.397,0.0511,0.298,0.977
Editorial-style,"Editorial-style (classical, piano)",0.262,0.677,0.365,0.447
Editorial-style,"Editorial-style (classical, piano)",0.371,0.22,0.112,0.828
Editorial-style,"Editorial-style (classical, piano)",0.332,0.262,0.443,0.876
Editorial-style,"Editorial-style (classical, piano)",0.316,0.0317,0.493,0.992
Editorial-style,"Editorial-style (classical, piano)",0.486,0.391,0.879,0.927
Editorial-style,"Editorial-style (classical, piano)",0.346,0.219,0.542,0.993
Editorial-style,"Editorial-style (classical, piano)",0.302,0.0437,0.0819,0.957
Editorial-style,"Editorial-style (classical, piano)",0.32,0.0296,0.142,0.993
Editorial-style,"Editorial-style (classical, piano)",0.468,0.692,0.561,0.0202
Editorial-style,"Editorial-style (classical, piano)",0.115,0.29,0.133,0.941
Editorial-style,"Editorial-style (classical, piano)",0.233,0.911,0.197,3.34e-05
Editorial-style,"Editorial-style (classical, piano)",0.458,0.00701,0.0939,0.993
Editorial-style,"Editorial-style (classical, piano)",0.612,0.518,0.527,0.639
Editorial-style,"Editorial-style (classical, piano)",0.33,0.548,0.559,0.214
Editorial-style,"Editorial-style (classical, piano)",0.489,0.0547,0.0563,0.988
Editorial-style,"Editorial-style (classical, piano)",0.56,0.825,0.268,0.323
Editorial-style,"Editorial-style (classical, piano)",0.685,0.699,0.884,0.317
Editorial-style,"Editorial-style (classical, piano)",0.365,0.196,0.588,0.904
Editorial-style,"Editorial-style (classical, piano)",0.351,0.481,0.777,0.697
Editorial-style,"Editorial-style (classical, piano)",0.654,0.034,0.199,0.99
Editorial-style,"Editorial-style (classical, piano)",0.47,0.109,0.614,0.995
Editorial-style,"Editorial-style (classical, piano)",0.325,0.15,0.174,0.961
Editorial-style,"Editorial-style (classical, piano)",0.304,0.0925,0.896,0.992
Editorial-style,"Editorial-style (classical, piano)",0.722,0.746,0.678,0.101
Fan-curated,"Fan-curated (indie, folk, acoustic)",0.678,0.199,0.262,0.957
Fan-curated,"Fan-curated (indie, folk, acoustic)",0.659,0.191,0.226,0.844
Fan-curated,"Fan-curated (indie, folk, acoustic)",0.523,0.554,0.769,0.749
Fan-curated,"Fan-curated (indie, folk, acoustic)",0.457,0.542,0.691,0.76
Fan-curated,"Fan-curated (indie, folk, acoustic)",0.372,0.537,0.228,0.937
Fan-curated,"Fan-curated (indie, folk, acoustic)",0.481,0.669,0.351,0.92
Fan-curated,"Fan-curated (indie, folk, acoustic)",0.597,0.892,0.634,0.145
Fan-curated,"Fan-curated (indie, folk, acoustic)",0.56,0.936,0.371,0.00847
Fan-curated,"Fan-curated (indie, folk, acoustic)",0.503,0.123,0.343,0.868
Fan-curated,"Fan-curated (indie, folk, acoustic)",0.633,0.55,0.333,0.649
Fan-curated,"Fan-curated (indie, folk, acoustic)",0.713,0.452,0.235,0.841
Fan-curated,"Fan-curated (indie, folk, acoustic)",0.619,0.278,0.233,0.836
Fan-curated,"Fan-curated (indie, folk, acoustic)",0.44,0.838,0.619,0.0956
Fan-curated,"Fan-curated (indie, folk, acoustic)",0.578,0.636,0.556,0.0874
Fan-curated,"Fan-curated (indie, folk, acoustic)",0.517,0.492,0.455,0.0275
Fan-curated,"Fan-curated (indie, folk, acoustic)",0.661,0.22,0.274,0.742
Fan-curated,"Fan-curated (indie, folk, acoustic)",0.709,0.119,0.336,0.902
Fan-curated,"Fan-curated (indie, folk, acoustic)",0.637,0.745,0.859,0.0173
Fan-curated,"Fan-curated (indie, folk, acoustic)",0.467,0.851,0.644,0.000353
Fan-curated,"Fan-curated (indie, folk, acoustic)",0.761,0.525,0.531,0.44
Fan-curated,"Fan-curated (indie, folk, acoustic)",0.531,0.639,0.639,0.396
Fan-curated,"Fan-curated (indie, folk, acoustic)",0.644,0.723,0.625,0.16
Fan-curated,"Fan-curated (indie, folk, acoustic)",0.579,0.418,0.202,0.841
Fan-curated,"Fan-curated (indie, folk, acoustic)",0.335,0.881,0.173,0.00805
Fan-curated,"Fan-curated (indie, folk, acoustic)",0.649,0.848,0.684,0.141
Fan-curated,"Fan-curated (indie, folk, acoustic)",0.766,0.267,0.312,0.882
Fan-curated,"Fan-curated (indie, folk, acoustic)",0.448,0.516,0.29,0.341
Fan-curated,"Fan-curated (indie, folk, acoustic)",0.582,0.52,0.413,0.398
Fan-curated,"Fan-curated (indie, folk, acoustic)",0.489,0.597,0.324,0.27
Fan-curated,"Fan-curated (indie, folk, acoustic)",0.261,0.371,0.149,0.96
Fan-curated,"Fan-curated (indie, folk, acoustic)",0.511,0.219,0.234,0.91
Fan-curated,"Fan-curated (indie, folk, acoustic)",0.439,0.488,0.629,0.702
Fan-curated,"Fan-curated (indie, folk, acoustic)",0.594,0.53,0.419,0.506
Fan-curated,"Fan-curated (indie, folk, acoustic)",0.637,0.129,0.298,0.887
Fan-curated,"Fan-curated (indie, folk, acoustic)",0.718,0.83,0.771,0.404
Fan-curated,"Fan-curated (indie, folk, acoustic)",0.599,0.539,0.188,0.356
Fan-curated,"Fan-curated (indie, folk, acoustic)",0.348,0.31,0.0474,0.845
Fan-curated,"Fan-curated (indie, folk, acoustic)",0.684,0.869,0.661,0.349
Fan-curated,"Fan-curated (indie, folk, acoustic)",0.517,0.443,0.538,0.88
Fan-curated,"Fan-curated (indie, folk, acoustic)",0.409,0.222,0.151,0.882
Fan-curated,"Fan-curated (indie, folk, acoustic)",0.768,0.759,0.96,0.134
Fan-curated,"Fan-curated (indie, folk, acoustic)",0.567,0.434,0.254,0.86
Fan-curated,"Fan-curated (indie, folk, acoustic)",0.374,0.304,0.147,0.943
Fan-curated,"Fan-curated (indie, folk, acoustic)",0.642,0.881,0.913,0.209
Fan-curated,"Fan-curated (indie, folk, acoustic)",0.69,0.397,0.772,0.064
Fan-curated,"Fan-curated (indie, folk, acoustic)",0.566,0.555,0.341,0.512
Fan-curated,"Fan-curated (indie, folk, acoustic)",0.558,0.721,0.552,0.22
Fan-curated,"Fan-curated (indie, folk, acoustic)",0.484,0.731,0.51,0.431
Fan-curated,"Fan-curated (indie, folk, acoustic)",0.682,0.9,0.937,0.0884
Fan-curated,"Fan-curated (indie, folk, acoustic)",0.524,0.614,0.751,0.202
Fan-curated,"Fan-curated (indie, folk, acoustic)",0.707,0.273,0.442,0.711
Fan-curated,"Fan-curated (indie, folk, acoustic)",0.668,0.563,0.289,0.649
Fan-curated,"Fan-curated (indie, folk, acoustic)",0.588,0.687,0.23,0.00449
Fan-curated,"Fan-curated (indie, folk, acoustic)",0.447,0.158,0.142,0.872
Fan-curated,"Fan-curated (indie, folk, acoustic)",0.742,0.0915,0.813,0.89
Fan-curated,"Fan-curated (indie, folk, acoustic)",0.578,0.388,0.286,0.467
Fan-curated,"Fan-curated (indie, folk, acoustic)",0.653,0.763,0.433,0.474
Fan-curated,"Fan-curated (indie, folk, acoustic)",0.759,0.166,0.364,0.918
Fan-curated,"Fan-curated (indie, folk, acoustic)",0.457,0.703,0.813,0.486
Fan-curated,"Fan-curated (indie, folk, acoustic)",0.62,0.378,0.767,0.352
Ghost-suspect,Ghost-suspect (ambient),0.249,0.00248,0.0788,0.994
Ghost-suspect,Ghost-suspect (ambient),0.334,0.268,0.0523,0.933
Ghost-suspect,Ghost-suspect (ambient),0.303,0.00338,0.347,0.909
Ghost-suspect,Ghost-suspect (ambient),0.403,0.255,0.21,0.854
Ghost-suspect,Ghost-suspect (ambient),0.101,0.241,0.0369,0.819
Ghost-suspect,Ghost-suspect (ambient),0.487,0.604,0.827,0.601
Ghost-suspect,Ghost-suspect (ambient),0.584,0.272,0.161,0.938
Ghost-suspect,Ghost-suspect (ambient),0.115,0.43,0.362,0.879
Ghost-suspect,Ghost-suspect (ambient),0.394,0.228,0.258,0.966
Ghost-suspect,Ghost-suspect (ambient),0.482,0.00796,0.0757,0.988
Ghost-suspect,Ghost-suspect (ambient),0.366,0.037,0.165,0.992
Ghost-suspect,Ghost-suspect (ambient),0.107,0.117,0.232,0.704
Ghost-suspect,Ghost-suspect (ambient),0.174,0.235,0.0347,0.228
Ghost-suspect,Ghost-suspect (ambient),0.425,0.375,0.179,0.467
Ghost-suspect,Ghost-suspect (ambient),0.309,0.204,0.289,0.949
Ghost-suspect,Ghost-suspect (ambient),0.177,0.215,0.0415,0.807
Ghost-suspect,Ghost-suspect (ambient),0.227,0.00414,0.166,0.99
Ghost-suspect,Ghost-suspect (ambient),0.281,0.339,0.163,0.793
Ghost-suspect,Ghost-suspect (ambient),0.389,0.202,0.187,0.887
Ghost-suspect,Ghost-suspect (ambient),0.278,0.0217,0.223,0.98
Ghost-suspect,Ghost-suspect (ambient),0.113,0.271,0.0469,0.289
Ghost-suspect,Ghost-suspect (ambient),0.129,0.251,0.0416,0.545
Ghost-suspect,Ghost-suspect (ambient),0.314,0.0324,0.233,0.986
Ghost-suspect,Ghost-suspect (ambient),0.539,0.059,0.196,0.995
Ghost-suspect,Ghost-suspect (ambient),0.325,0.469,0.275,0.243
Ghost-suspect,Ghost-suspect (ambient),0.415,0.104,0.18,0.955
Ghost-suspect,Ghost-suspect (ambient),0.437,0.0586,0.0391,0.974
Ghost-suspect,Ghost-suspect (ambient),0.277,0.0314,0.0495,0.992
Ghost-suspect,Ghost-suspect (ambient),0.164,0.858,0.0336,2.52e-05
Ghost-suspect,Ghost-suspect (ambient),0.487,0.509,0.2,0.58
Ghost-suspect,Ghost-suspect (ambient),0.196,0.435,0.644,0.633
Ghost-suspect,Ghost-suspect (ambient),0.425,0.0757,0.156,0.89
Ghost-suspect,Ghost-suspect (ambient),0.429,0.00693,0.431,0.995
Ghost-suspect,Ghost-suspect (ambient),0.108,0.0712,0.0447,0.795
Ghost-suspect,Ghost-suspect (ambient),0.635,0.256,0.249,0.874
Ghost-suspect,Ghost-suspect (ambient),0.682,0.444,0.261,0.646
Ghost-suspect,Ghost-suspect (ambient),0.529,0.31,0.73,0.928
Ghost-suspect,Ghost-suspect (ambient),0.571,0.293,0.327,0.882
Ghost-suspect,Ghost-suspect (ambient),0.324,0.588,0.0792,0.223
Ghost-suspect,Ghost-suspect (ambient),0.199,0.102,0.262,0.838
Ghost-suspect,Ghost-suspect (ambient),0.593,0.625,0.229,0.015
Ghost-suspect,Ghost-suspect (ambient),0.477,0.348,0.0867,0.931
Ghost-suspect,Ghost-suspect (ambient),0.263,0.0639,0.0537,0.907
Ghost-suspect,Ghost-suspect (ambient),0.275,0.175,0.0382,0.793
Ghost-suspect,Ghost-suspect (ambient),0.236,0.499,0.0757,0.576
Ghost-suspect,Ghost-suspect (ambient),0.274,0.573,0.223,0.0604
Ghost-suspect,Ghost-suspect (ambient),0.444,0.0629,0.225,0.962
Ghost-suspect,Ghost-suspect (ambient),0.243,0.158,0.304,0.983
Ghost-suspect,Ghost-suspect (ambient),0.466,0.67,0.395,0.155
Ghost-suspect,Ghost-suspect (ambient),0.267,0.0781,0.0776,0.978
Ghost-suspect,Ghost-suspect (ambient),0.38,0.0797,0.0668,0.991
Ghost-suspect,Ghost-suspect (ambient),0.0746,0.156,0.0463,0.863
Ghost-suspect,Ghost-suspect (ambient),0.389,0.181,0.259,0.94
Ghost-suspect,Ghost-suspect (ambient),0.608,0.687,0.548,0.449
Ghost-suspect,Ghost-suspect (ambient),0.567,0.131,0.0657,0.888
Ghost-suspect,Ghost-suspect (ambient),0.499,0.353,0.199,0.961
Ghost-suspect,Ghost-suspect (ambient),0.401,0.504,0.285,0.0884
Ghost-suspect,Ghost-suspect (ambient),0.193,0.335,0.254,0.852
Ghost-suspect,Ghost-suspect (ambient),0.128,0.289,0.0745,0.322
Ghost-suspect,Ghost-suspect (ambient),0.541,0.21,0.0461,0.885
