artist,track_count,mean_duration_ms,genres,genre_count,var_danceability,var_energy,var_valence,var_acousticness,total_variance
The Black Dog,13,225251.07692307694,idm,1,0.055759474358974354,0.0624913076923077,0.13626020923076923,0.13770913008861102,0.3922201213706623
Death Cab for Cutie,17,197224.0,"indie,indie-pop",2,0.002974992647058823,0.0698170955882353,0.10107138970588238,0.17344961433936767,0.3473130922805442
Yasuharu Takanashi,16,140353.6875,anime,1,0.014649866666666666,0.12963683895833333,0.026706926500000002,0.17463182692777818,0.3456254590527782
Ilkae,12,81659.66666666667,idm,1,0.020340992424242425,0.088134,0.08354354545454547,0.14517926346711363,0.33719780134590155
George Bruns,13,142897.23076923078,disney,1,0.05145908974358975,0.06483059807692308,0.16088482076923075,0.056511589743589746,0.33368609833333335
Reiki Armonía,15,245488.4,world-music,1,0.003754749238095237,0.1645544124142857,0.0004213373857142858,0.16442099999999996,0.33315149903809516
Susumu Yokota,26,278322.92307692306,idm,1,0.03881197538461538,0.08709652486153846,0.058207527953846164,0.1476200399053846,0.3317360681053846
The Wiggles,50,129139.7,children,1,0.028569469387755102,0.06332256792244896,0.11767683405714287,0.11345777609081632,0.32302664745816323
Rei Harakami,27,252631.85185185185,idm,1,0.02180939601139601,0.04494497720797722,0.09502219635327633,0.1604165630233618,0.32219313259601134
Rain Sounds,43,137096.90697674418,sleep,1,0.011591756378737543,0.21115798103987485,0.0004487593372093024,0.09216552886922777,0.31536402562504945
KT Tunstall,27,230299.40740740742,"acoustic,singer-songwriter,songwriter",3,0.011804310541310545,0.10093190028490032,0.06979197720797721,0.12218245584045583,0.3047106438746439
Plaid,28,238049.89285714287,idm,1,0.02030275661375661,0.06414203231574073,0.08469739506613755,0.13173543020270986,0.30087761419834474
Kelpe,12,231015.58333333334,idm,1,0.03182554545454546,0.08078862810606062,0.030091785151515157,0.1541971462878788,0.29690310500000006
Aphex Twin,15,288935.4,"ambient,electronic",2,0.03905749523809524,0.07455992971428571,0.05111062352380953,0.12889724457142854,0.29362529304761903
Martin Shamoonpour,12,256986.41666666666,iranian,1,0.021537356060606062,0.1097394062878788,0.08606630446969697,0.07132808333333333,0.2886711501515152
Nature Sounds,35,307377.17142857146,sleep,1,0.020954189882352942,0.12840890214000003,0.0003455210416806722,0.13891402156158894,0.2886226346256226
Alireza Mashayekhi,13,568307.7692307692,iranian,1,0.02196009141025641,0.04904838969701244,0.11148906243589742,0.10516445076923077,0.28766199431239703
Catie Turner,22,182993.81818181818,"singer-songwriter,songwriter",2,0.012608831168831172,0.06673310822510825,0.034426943722943734,0.17235056277056277,0.2861194458874459
Bogdan Raczynski,20,197205.05,idm,1,0.01633877894736842,0.0917651739736842,0.03792071186842105,0.13990549467362273,0.2859301594630964
Silent Knights,25,148291.04,sleep,1,0.01784841666666667,0.13918437356050667,0.0011231324906666666,0.1246645634201005,0.28282048613794053
Aitana,11,191849.63636363635,"latin,spanish",2,0.025732563636363632,0.036343018181818176,0.06887965454545456,0.1517213684218182,0.28267660478545453
alva noto,14,318612.4285714286,idm,1,0.09203928554945057,0.034569277637362644,0.004495016318681319,0.14843843892582417,0.2795420184313187
The Velvet Underground,13,269535.1538461539,"alt-rock,alternative,folk,psych-rock",4,0.00664676923076923,0.07185873076923076,0.041646730769230776,0.15881175762564104,0.2789639883948718
Yura Yunita,10,221440.9,"j-pop,jazz,singer-songwriter,songwriter",4,0.02772801111111111,0.07775389566666667,0.03683490000000001,0.13642587777777776,0.27874268455555556
Boards of Canada,19,274386.4736842105,"ambient,trip-hop",2,0.03336533473684211,0.05559827766081872,0.08565760730994154,0.10314869496711113,0.2777699146747135
Clairo,10,188601.5,"indie,indie-pop",2,0.012276011111111106,0.054576487111111106,0.08482943333333333,0.1259697333333333,0.27765166488888887
Casino Versus Japan,30,234290.06666666668,idm,1,0.03327860998850574,0.035705750678160925,0.09227291775862069,0.11598161245770397,0.2772388908829913
Mouse On Mars,10,261308.3,idm,1,0.019627566666666665,0.046010622222222214,0.06199071111111111,0.14241479141777777,0.27004369141777773
Ed Sheeran,13,236745.3076923077,pop,1,0.012989269230769233,0.0582965641025641,0.08265306410256408,0.11529355415256409,0.2692324515884615
White Noise Baby Sleep,10,364155.5,sleep,1,0.005261527111111112,0.09447371292105344,0.000986271521111111,0.16839742597798474,0.2691189375312604
Datassette,14,254206.42857142858,idm,1,0.01676048901098901,0.04605264285714286,0.056988218021978024,0.14823036489747804,0.2680317147875879
Bethel Music;Jonathan David Helser;Melissa Helser,14,363020.4285714286,"ambient,world-music",2,0.0023581098901098896,0.07449257142857144,0.012717054945054948,0.17799770604395604,0.2675654423076923
Canned Heat,10,183285.1,"blues,country,folk,psych-rock",4,0.0070404000000000005,0.046735655555555554,0.04597555555555556,0.1645388888888889,0.26429050000000004
告五人,16,296067.5625,mandopop,1,0.013261583333333334,0.059581,0.051529466666666676,0.13815937716666665,0.26253142716666666
Ocean Waves For Sleep,16,144370.9375,sleep,1,0.0031460206666666666,0.12712845730666666,3.137253291666667e-05,0.125946032785,0.25625188329125
Karunesh,15,364577.26666666666,new-age,1,0.044506993142857144,0.03095363809523809,0.058500301238095236,0.11411616282666667,0.24807709530285715
arai tasuku,37,143202.7027027027,idm,1,0.0315625840840841,0.07450684537132132,0.027048541396396397,0.1142564832718048,0.24737445412360662
j-hope,10,144969.2,k-pop,1,0.007664766666666668,0.03497605555555555,0.10187248888888889,0.10280347993444444,0.24731679104555554
Siavash Amini,13,379867.23076923075,iranian,1,0.03735482089743591,0.07317807692307693,0.00634343923076923,0.13039581461725638,0.24727215166853844
Kettel,11,158934.63636363635,idm,1,0.023980472727272727,0.04631149090909091,0.06197532818181818,0.11484078982727272,0.24710808164545453
Gal Costa,11,242082.18181818182,"mpb,samba",2,0.02122167272727273,0.05437007272727272,0.06152005454545455,0.1088479,0.2459597
Hanare Gumi,13,285178.6153846154,"acoustic,j-rock",2,0.01015180769230769,0.06418712064102562,0.027413897435897436,0.14391773076923076,0.2456705565384615
Connie Francis,19,156325.31578947368,"r-n-b,rock-n-roll,rockabilly",3,0.021025988304093565,0.06747565497076022,0.1315242865497076,0.019536040935672513,0.2395619707602339
Nine Inch Nails,25,293392.96,"electronic,industrial,metal",3,0.018307026666666667,0.0715931606,0.062311731766666656,0.08731088599782333,0.23952280503115664
Lana Del Rey,14,267747.21428571426,pop,1,0.022284879120879123,0.0575412967032967,0.016746093021978024,0.14037115500000003,0.23694342384615386
Frank Ocean,17,243549.58823529413,soul,1,0.023107014705882355,0.032954153823529425,0.04767325735294118,0.13214659097647058,0.23588101685882354
ABBA,71,232635.87323943662,swedish,1,0.016089049094567407,0.07853716740442655,0.03617448531187123,0.104804444249497,0.2356051460603622
Pink Noise,11,193657.9090909091,sleep,1,0.007995072727272729,0.1132303665803609,0.003736095999999999,0.10774480281818674,0.23270633812582037
Cory Asbury,11,257019.45454545456,world-music,1,0.01165121818181818,0.05637673454545454,0.022745272727272732,0.14159286563636364,0.23236609109090908
Maisie Peters,30,189315.73333333334,"indie,indie-pop",2,0.021103178160919545,0.054993334482758616,0.027388217241379312,0.1286947609195402,0.23217949080459768
White Noise for Babies,38,182002.31578947368,sleep,1,0.005548146635846372,0.10444904878744807,0.00015931302588904694,0.12175685589452345,0.23191336434370693
Marisa Monte,12,200092.91666666666,mpb,1,0.01719353787878788,0.04318536363636363,0.0689009696969697,0.09946474062045456,0.22874461183257577
Alan Menken,53,125449.7358490566,"disney,show-tunes",2,0.020208654390420897,0.04565258965166908,0.02272763062409289,0.13984913537329466,0.22843801003947753
The Magnetic Fields,14,160763.5,club,1,0.01531356593406593,0.041898796703296694,0.05706969230769231,0.11355425917582421,0.22783631412087912
Bo Kaspers Orkester,17,238588.64705882352,"j-pop,jazz,swedish",3,0.009190117647058823,0.04463874264705882,0.08306831617647058,0.09033513847647057,0.22723231494705878
The Avett Brothers,39,263573.1282051282,"bluegrass,folk,r-n-b",3,0.00635941835357625,0.0641663859649123,0.06720441430499322,0.08873881175438596,0.22646903037786772
Imelda May,18,186149.16666666666,rockabilly,1,0.025561124183006535,0.0438506045751634,0.06349622222222223,0.09294082298500654,0.2258487739653987
Top of the Bus,13,112316.38461538461,kids,1,0.011239025641025642,0.056797307692307696,0.07068793589743588,0.08666156333333332,0.22538583256410255
creamy;untrusted;11:11 Music Group,14,169065.7857142857,"chill,sad",2,0.017531670329670332,0.04347253296703297,0.02816043956043956,0.13601223384615385,0.22517687670329672
Veronica Maggio,12,199054.75,swedish,1,0.011524265151515146,0.046316992424242434,0.04726820454545455,0.11905574100833335,0.2241652031295455
Barış Manço,32,233425.6875,"psych-rock,turkish",2,0.022981829637096777,0.041315676118951615,0.06630604838709678,0.09297407738024194,0.2235776315233871
Gabriel Guedes de Almeida,17,275768.4117647059,"brazil,gospel",2,0.011706132352941177,0.04099793382352941,0.013891757352941177,0.15679329404411765,0.22338911757352942
Everything But The Girl,37,215739.86486486485,"electronic,trip-hop",2,0.019759951951951953,0.04841496696696696,0.05220908858858859,0.10209199497747747,0.22247600248498497
Super Simple Songs,36,143065.44444444444,children,1,0.02462585634920635,0.03601731107142857,0.055408177777777776,0.10589759303968255,0.22194893823809525
A Great Big World,13,218863.23076923078,"acoustic,piano",2,0.009104243589743587,0.07761269230769231,0.01981160256410256,0.11446410307692308,0.22099264153846154
Randy Newman,60,168047.9,"disney,singer-songwriter,songwriter",3,0.03834953799717512,0.039931453128220336,0.08043019063276836,0.06101380077683615,0.21972498253499997
Four Tops,21,272847.85714285716,"disco,funk,soul",3,0.01633195714285714,0.03996090000000001,0.09666719047619046,0.06646973347619048,0.21942978109523809
Djavan,19,266874.05263157893,mpb,1,0.022726005847953215,0.039993707602339175,0.06723368590643275,0.08838398923976608,0.2183373885964912
Eddie Vedder,16,182679.3125,acoustic,1,0.012724795833333332,0.037845449999999996,0.04609760362500001,0.12089744802291667,0.21756529748125
Billy Joel,51,267461.6666666667,"folk,piano,rock,singer-songwriter,songwriter",5,0.020544656470588233,0.06624588843137254,0.04787448705882353,0.08226412753725489,0.21692915949803918
Elton John,32,260649.3125,piano,1,0.019741092741935487,0.041270732862903226,0.06480424899193549,0.09061109313508064,0.21642716773185483
Leila Bela,23,63305.739130434784,iranian,1,0.02982705533596838,0.09194993575138337,0.015850771462450595,0.07799615794466404,0.21562392049446638
Crows in the Rain,28,479905.39285714284,iranian,1,0.014631359788359789,0.018771632314814816,0.0007470837433862434,0.1805074344784061,0.21465751032496694
CASTLEBEAT,10,193598.4,garage,1,0.006373822222222222,0.01619248888888889,0.08253933377777778,0.10943913368643833,0.21454477857532722
Hans Zimmer;Henning Lohner;Martin Tillman;Fiachra Trench,14,312100.64285714284,german,1,0.027525879560439562,0.014767564395604395,0.005338046153846153,0.16679559258241758,0.2144270826923077
The Countdown Kids,35,164193.88571428572,children,1,0.022276055462184877,0.04813893781512605,0.05364749915966386,0.08945949798571429,0.21352199042268907
The Kiboomers,47,107610.70212765958,children,1,0.028956455134135056,0.0513786038760407,0.07025033950971321,0.06266658649398706,0.21325198501387602
Faithless;Rollo Armstrong;Sister Bliss,11,230592.36363636365,trip-hop,1,0.004274800000000001,0.034936218181818184,0.0738582729090909,0.09905249822727273,0.21212178931818182
Rival Consoles,38,306344.2368421053,"ambient,idm",2,0.027847198435277384,0.03849281934566145,0.027129132716927455,0.11770949908365078,0.21117864958151705
Roberto Carlos,18,241069.27777777778,mpb,1,0.013884617647058825,0.025252147058823532,0.06201967320261438,0.10922513624183007,0.21038157415032682
The Doors,27,272921.6666666667,"psych-rock,rock",2,0.01959754131054131,0.03584879487179487,0.0789722959259259,0.07582649862763534,0.21024513073589743
Håkan Hellström,183,279075.75409836066,"goth,indie-pop,swedish",3,0.020340909986188673,0.055089894311951694,0.03297047410616706,0.10117844234819345,0.2095797207525009
Yanni,43,302525.6976744186,new-age,1,0.01949463565891473,0.0646787411295681,0.029625827685492802,0.09521215397563679,0.20901135844961244
The Wood Brothers,23,246698.86956521738,"bluegrass,blues,j-rock",3,0.009092996047430829,0.05333422529644269,0.047243199367588924,0.09890497029381819,0.20857539100528064
Glee Cast,139,212911.41007194246,club,1,0.02134956636429986,0.04638591074966114,0.05065824323532478,0.08994813173319383,0.2083418520824796
Chris Janson,12,197530.41666666666,country,1,0.01774851515151515,0.033361242424242425,0.05399224242424243,0.1018311402272727,0.20693314022727272
La Oreja de Van Gogh,15,236708.13333333333,"latin,rock,spanish",3,0.012617685714285716,0.049904523809523815,0.02129880952380953,0.12285867635523809,0.20667969540285716
Stupeflip,10,239107.7,french,1,0.014274455555555557,0.03477804444444445,0.07718481611111111,0.07991285511111113,0.20615017122222223
The Fray,11,244908.72727272726,"piano,rock",2,0.019337854545454544,0.0602470909090909,0.019853999999999997,0.10660092164327273,0.20603986709781819
Elvis Presley,169,167105.07692307694,"rock,rock-n-roll,rockabilly",3,0.01860499781628628,0.050500846071428566,0.06851329353338967,0.0681999191702862,0.20581905659139071
Nathan Kawanishi,23,120641.56521739131,study,1,0.01529317391304348,0.029390719367588934,0.07615149407114624,0.08301494861660078,0.20385033596837943
aswekeepsearching,16,263262.125,ambient,1,0.016088529166666667,0.04693519583333334,0.005473528625,0.13523899029166667,0.20373624391666667
Bethel Music;Jenn Johnson,14,359458.5,"ambient,world-music",2,0.005645917582417582,0.047920335164835175,0.011062909010989013,0.13844125104395605,0.2030704128021978
XXXTENTACION,76,127792.53947368421,"emo,hip-hop",2,0.023483669298245614,0.032741655359649124,0.045891126826315784,0.10063657280565778,0.2027530242898683
Donna Summer,12,343830.75,disco,1,0.01690360606060606,0.027767878787878786,0.11208171969696969,0.045727148406060604,0.20248035295151515
Sheryl Crow,18,250201.33333333334,"singer-songwriter,songwriter",2,0.0071385359477124195,0.04656282352941176,0.06796376470588235,0.08028300934117648,0.201948133524183
Ray LaMontagne,11,278327.0,acoustic,1,0.007602472727272727,0.03244609090909091,0.07288925454545456,0.0887868109090909,0.2017246290909091
Lauv,20,190310.25,"dance,electro,pop",3,0.012014976315789473,0.034670799999999995,0.05183788421052632,0.10236046470394737,0.20088412523026317
Cyndi Wang,10,229766.1,mandopop,1,0.01385671111111111,0.04313693333333333,0.07049648888888889,0.07338512222222221,0.20087525555555555
Hillsong Young & Free,37,273630.86486486485,world-music,1,0.012140575075075075,0.05173605855855855,0.04360352312312313,0.09324912159166969,0.20072927834842644
