playlist_id,playlist_name,playlist_type,track_count,n_artists,mean_danceability,std_danceability,mean_energy,std_energy,mean_valence,std_valence,mean_acousticness,std_acousticness,mean_speechiness,std_speechiness,mean_instrumentalness,std_instrumentalness,mean_liveness,std_liveness,mean_tempo,std_tempo
GHOST_AMBIENT_LV1,Low-var ambient (ghost pattern 1),ghost_suspect,60,56,0.34971500000000005,0.1871191932513895,0.22068416666666663,0.22219956788232148,0.16843166666666665,0.15834921233786609,0.7952628333333335,0.3139109494804228,0.03975666666666666,0.011966058873821045,0.7255123933333333,0.327632531218502,0.12652666666666665,0.0962349224231272,107.5842,32.53378298031401
GHOST_AMBIENT_LV2,Low-var ambient (ghost pattern 2),ghost_suspect,60,56,0.34511833333333336,0.16967152162756258,0.23693250000000002,0.22331185696184105,0.149805,0.13894089393866219,0.7769160199999999,0.33586773961185457,0.03954833333333333,0.00896527182354537,0.8221923333333333,0.19482199750825713,0.14165166666666668,0.1445993781683264,104.70646666666667,31.472259788887243
GHOST_CALMO,Calmo catalog (ghost-suspect),ghost_suspect,60,1,0.3907166666666667,0.23697021851548528,0.37431115833333334,0.23347658105454405,0.3166491666666666,0.2557453536817478,0.43211507483333317,0.3005968677203668,0.051245,0.06149064535440896,0.31196486633333337,0.37839631500762966,0.23239833333333332,0.18655685323434398,101.80591666666668,57.486426100189945
GHOST_CHILL_LV,Low-var chill (ghost pattern),ghost_suspect,60,59,0.65955,0.12512535070812192,0.4445116666666667,0.21257449588852348,0.4342183333333333,0.22085624705129334,0.522585,0.3070480445070335,0.114875,0.09472598774484901,0.22522642033333334,0.3390137769583172,0.17607833333333336,0.13495994772042766,122.51101666666665,31.455482355007028
GHOST_CLASSICAL_LV,Low-var classical (ghost pattern),ghost_suspect,60,59,0.356365,0.1496511840575627,0.15633816666666667,0.17295428268756963,0.27399333333333337,0.23587833323642823,0.9268,0.12067547178911471,0.06835666666666666,0.11445085595738694,0.6597366764999999,0.38017213407977374,0.13942833333333335,0.12380793776976604,105.91198333333332,30.205264934765573
GHOST_MRC,Meditation Relax Club catalog (ghost-suspect),ghost_suspect,60,1,0.38142000000000004,0.22992808219756639,0.3546444916666667,0.20901955091242289,0.28323750000000003,0.26291908017632104,0.43146340816666656,0.31675992258479907,0.05568,0.0854960100169216,0.38886755199999995,0.3864185674612682,0.2437766666666667,0.22196565268471471,95.54986666666667,50.67398595591121
GHOST_NEWAGE_LV,Low-var new-age (ghost pattern),ghost_suspect,60,49,0.33442500000000003,0.14385623782449253,0.20816966666666667,0.17905754369037172,0.15088333333333334,0.13164322633370856,0.8385333333333332,0.22549414413582455,0.044053333333333326,0.042542937300147646,0.7052786900000001,0.34482724581245044,0.13183333333333333,0.07994586869190899,103.94353333333332,28.01175748331323
GHOST_PIANO_LV,Low-var piano (ghost pattern),ghost_suspect,60,55,0.46625,0.1272326875439681,0.24968199999999996,0.2957968391712948,0.28578333333333333,0.2041146472182718,0.7771383333333332,0.33157833396725,0.047536666666666665,0.021121400238208615,0.6198678315,0.4238704653932792,0.117195,0.03680227712648927,105.12935000000002,26.235300614497458
GHOST_RWN,Relaxing White Noise catalog (ghost-suspect),ghost_suspect,60,1,0.40231999999999996,0.24578764763269442,0.37792782499999994,0.2233770340368496,0.2676591666666666,0.2255855711539484,0.38484674149999987,0.2782297110155933,0.05677000000000001,0.07156228838322647,0.39834609616666666,0.38445314396026914,0.23447833333333332,0.21293336197327772,92.88401666666667,49.21614491734538
GHOST_SLEEP_LV,Low-var sleep (ghost pattern),ghost_suspect,60,57,0.15611833333333333,0.10851446906830049,0.18845588166666666,0.34134799455976056,0.05262883333333334,0.047435640719613203,0.783208,0.3270473607583205,0.04522166666666667,0.03071670495474468,0.8137208333333331,0.26146378128341713,0.26751166666666665,0.29451382868264564,77.20355,42.4645627343294
KAGGLE_ACOUSTIC,Acoustic (fan-curated proxy),fan_curated,60,51,0.5357500000000001,0.1260459460215781,0.4038866666666666,0.24868332491422798,0.3808633333333334,0.21991831223546887,0.5921481149999999,0.33116570137156764,0.044239999999999995,0.028806126937728757,0.04006182833333335,0.147598167796179,0.14284499999999997,0.09995995202317064,119.74008333333333,31.82603290415987
KAGGLE_ALT,Alternative (fan-curated proxy),fan_curated,60,39,0.5879499999999999,0.17163998832795446,0.7068333333333334,0.20729093340869087,0.4748833333333334,0.1755710384659799,0.17043647666666667,0.23294400228021436,0.09177999999999999,0.07257352040797511,0.009672644000000001,0.03044823372875954,0.19909166666666672,0.13541390196221645,118.01884999999999,32.27096856509983
KAGGLE_AMBIENT,Ambient (editorial proxy),editorial,60,42,0.34669333333333335,0.15714853803217427,0.25775816666666673,0.20544678769586064,0.20199666666666666,0.16953799830733077,0.7423470866666666,0.29806792809255117,0.04249333333333334,0.022728268567807703,0.5725946258333334,0.4180213212288999,0.14392499999999997,0.12138025503993358,108.8322,34.236195912156965
KAGGLE_BLUES,Blues (fan-curated proxy),fan_curated,60,49,0.5654833333333332,0.18296489351754616,0.5681516666666666,0.23681323792852477,0.5826166666666668,0.2530419735843843,0.36817536666666667,0.3251881643770482,0.05710166666666667,0.0421365033246635,0.041570018,0.11758571635454054,0.16443333333333332,0.10672149508943499,120.15473333333335,32.34987429146281
KAGGLE_CHILL,Chill (editorial proxy),editorial,60,54,0.6678833333333333,0.13368646492429517,0.42236000000000007,0.1818405142155331,0.3943066666666667,0.20724119892307477,0.5713101666666667,0.31600669623612954,0.09934166666666666,0.10764983769842469,0.13880020683333336,0.29282694806953946,0.16548,0.11718220753472715,116.38104999999999,26.97345054780876
KAGGLE_CLASSICAL,Classical (editorial proxy),editorial,60,49,0.38391666666666674,0.14747539773756538,0.21429466666666663,0.18795512493151814,0.41382833333333324,0.27650478715423543,0.8851342683333334,0.1951370498171056,0.050138333333333326,0.03876167551461837,0.5321082161666667,0.4149421285570001,0.17295166666666667,0.1477703790088845,111.00189999999999,32.93571707345041
KAGGLE_FOLK,Folk (fan-curated proxy),fan_curated,60,51,0.5788166666666668,0.14325708686781644,0.5781166666666666,0.21096944044638288,0.5610816666666667,0.23713185239630705,0.45844199999999996,0.3305926998014837,0.06132833333333334,0.06746596402824084,0.027799887833333328,0.08199862465430063,0.23873666666666668,0.2202024461191023,117.77811666666666,27.495741688235253
KAGGLE_GUITAR,Acoustic Guitar (editorial proxy),editorial,60,46,0.5803833333333335,0.15193811091369602,0.32119333333333333,0.1906364646381104,0.4662716666666667,0.23628726634007022,0.8335999999999999,0.16207104531289218,0.05352333333333334,0.02599210027751044,0.4603626281666667,0.45064485933484544,0.13453999999999997,0.0633116108450623,111.12258333333334,32.56408635566763
KAGGLE_IDM,IDM (editorial proxy),editorial,60,42,0.4978166666666667,0.1929268318025736,0.6120883333333335,0.293125765275524,0.3275,0.2742366292338777,0.3474431283333333,0.34687210323659545,0.10547000000000001,0.11469056276102528,0.5828873285000001,0.384185560665191,0.20628333333333337,0.17125806393649567,125.87214999999999,32.80246226228519
KAGGLE_INDIE,Indie (fan-curated proxy),fan_curated,60,40,0.5581999999999999,0.14809271031167479,0.64385,0.21723538939772144,0.47987666666666673,0.22388975220237958,0.3018918916666666,0.31635192104062526,0.06479,0.04894465812856429,0.0954756865,0.23336864790757703,0.1712766666666667,0.1346991215436566,123.42509999999999,30.852554447823803
KAGGLE_INDIEPOP,Indie-pop (fan-curated proxy),fan_curated,60,46,0.5958,0.14718693291301027,0.5419999999999999,0.20902712499350617,0.41001666666666664,0.2250286981070446,0.41396431666666655,0.30315572245856187,0.06802666666666667,0.05442586581816128,0.010818957333333334,0.04452075498976786,0.14819333333333334,0.08678323837744727,126.53850000000001,31.126772794384262
KAGGLE_JAZZ,Jazz (fan-curated proxy),fan_curated,60,26,0.48390000000000005,0.1467964923609945,0.28904949999999996,0.1704060486654733,0.47739333333333334,0.24075932131956987,0.7497277833333331,0.24439816795806252,0.05903666666666666,0.11220949832400239,0.044678283,0.17679227601000747,0.1591,0.12500672524281325,118.0491,31.485230058778942
KAGGLE_NEWAGE,New Age (editorial proxy),editorial,60,36,0.3464650000000001,0.15696042017018177,0.2052838333333333,0.1804925476286023,0.19450499999999996,0.1826860151847092,0.8428876666666666,0.24832994094016259,0.04273666666666665,0.020857376589400938,0.7468880094999999,0.31426119982884004,0.17535333333333333,0.19414235513276634,111.08431666666667,34.300173352574575
KAGGLE_PIANO,Piano (editorial proxy),editorial,60,39,0.45070000000000005,0.12980197433927143,0.31493183333333336,0.2923972354809821,0.25910666666666665,0.15545435633636903,0.6872360000000001,0.37061799746927504,0.046974999999999996,0.021743868218068875,0.4638567328333333,0.45709864940626016,0.15921499999999997,0.17211213414614027,122.25218333333333,39.06900278342465
KAGGLE_RNB,R&B (fan-curated proxy),fan_curated,60,46,0.6447166666666667,0.1407306709690977,0.6075166666666667,0.1933011606291203,0.6132500000000001,0.24749542882270695,0.3883528833333333,0.23335200516257182,0.10710833333333335,0.125041071614072,0.006012529166666667,0.026762305027956214,0.17190333333333335,0.16958571650624898,125.77958333333332,26.576692938274142
KAGGLE_SLEEP,Sleep (editorial proxy),editorial,60,46,0.16160666666666665,0.11670014576939855,0.4053205,0.3836297648390689,0.03895674999999999,0.05230104396521828,0.5274926788333334,0.41878609053682375,0.068465,0.053395882609626535,0.6279039378333334,0.3810792697694414,0.33131666666666665,0.2764959803959928,88.42138333333334,45.85512119971329
KAGGLE_SONGWRITER,Songwriter (fan-curated proxy),fan_curated,60,43,0.5594166666666667,0.12447956631262229,0.4125633333333333,0.20587874493453473,0.3814366666666667,0.1867398924877266,0.5816391500000001,0.3110040485086548,0.05446499999999999,0.07455629615673093,0.03618579066666667,0.13993574092923425,0.1505633333333333,0.09478599618849995,127.03613333333332,32.58818193839168
KAGGLE_SOUL,Soul (fan-curated proxy),fan_curated,60,35,0.6174666666666667,0.13233924903881764,0.5700366666666666,0.18363870383996558,0.5228733333333334,0.25387228863712774,0.35867000000000004,0.2565044714712509,0.06858666666666664,0.05430612684061881,0.008879597000000001,0.042582527483359923,0.26947000000000004,0.2743860427220707,125.58408333333334,29.687055689901463
KAGGLE_STUDY,Study / Deep Focus (editorial proxy),editorial,60,38,0.6773333333333333,0.09083280723426143,0.4143266666666666,0.18073659817785645,0.42399333333333333,0.22466024733909484,0.482768,0.34360973834782044,0.08575166666666667,0.06164700631016602,0.774730835,0.21697378166330966,0.16827333333333336,0.15486477520362743,115.84935,39.01251952674392
KAGGLE_TRIPPHOP,Trip-hop (editorial proxy),editorial,60,48,0.6346499999999999,0.15706134232915905,0.6303,0.17879581195565333,0.485845,0.2576608389737912,0.1895397,0.20137544214500167,0.06553666666666666,0.06053746834355008,0.4857890769999999,0.37901209009676623,0.17340333333333335,0.13142646970018296,123.27468333333333,27.490712244530553
