resample,ghost_custom_frac,organic_custom_frac,separation
0,1.0,0.26666666666666666,0.7333333333333334
1,1.0,0.36666666666666664,0.6333333333333333
2,1.0,0.13333333333333333,0.8666666666666667
3,1.0,0.23333333333333334,0.7666666666666666
4,1.0,0.23333333333333334,0.7666666666666666
5,1.0,0.3333333333333333,0.6666666666666667
6,1.0,0.3,0.7
7,1.0,0.26666666666666666,0.7333333333333334
8,1.0,0.16666666666666666,0.8333333333333334
9,1.0,0.3333333333333333,0.6666666666666667
10,1.0,0.26666666666666666,0.7333333333333334
11,1.0,0.36666666666666664,0.6333333333333333
12,1.0,0.3333333333333333,0.6666666666666667
13,1.0,0.3333333333333333,0.6666666666666667
14,1.0,0.2,0.8
15,1.0,0.23333333333333334,0.7666666666666666
16,1.0,0.3333333333333333,0.6666666666666667
17,1.0,0.26666666666666666,0.7333333333333334
18,1.0,0.2,0.8
19,1.0,0.1,0.9
20,1.0,0.23333333333333334,0.7666666666666666
21,1.0,0.3333333333333333,0.6666666666666667
22,1.0,0.3,0.7
23,1.0,0.3333333333333333,0.6666666666666667
24,1.0,0.36666666666666664,0.6333333333333333
25,1.0,0.3333333333333333,0.6666666666666667
26,1.0,0.36666666666666664,0.6333333333333333
27,1.0,0.3,0.7
28,1.0,0.23333333333333334,0.7666666666666666
29,1.0,0.16666666666666666,0.8333333333333334
30,1.0,0.23333333333333334,0.7666666666666666
31,1.0,0.36666666666666664,0.6333333333333333
32,1.0,0.3333333333333333,0.6666666666666667
33,1.0,0.3,0.7
34,1.0,0.13333333333333333,0.8666666666666667
35,1.0,0.2,0.8
36,1.0,0.3,0.7
37,1.0,0.43333333333333335,0.5666666666666667
38,1.0,0.3333333333333333,0.6666666666666667
39,1.0,0.13333333333333333,0.8666666666666667
40,1.0,0.3,0.7
41,1.0,0.23333333333333334,0.7666666666666666
42,1.0,0.2,0.8
43,1.0,0.2,0.8
44,1.0,0.3333333333333333,0.6666666666666667
45,1.0,0.13333333333333333,0.8666666666666667
46,1.0,0.43333333333333335,0.5666666666666667
47,1.0,0.26666666666666666,0.7333333333333334
48,1.0,0.4666666666666667,0.5333333333333333
49,1.0,0.3333333333333333,0.6666666666666667
50,1.0,0.3333333333333333,0.6666666666666667
51,1.0,0.16666666666666666,0.8333333333333334
52,1.0,0.3333333333333333,0.6666666666666667
53,1.0,0.16666666666666666,0.8333333333333334
54,1.0,0.26666666666666666,0.7333333333333334
55,1.0,0.3,0.7
56,1.0,0.36666666666666664,0.6333333333333333
57,1.0,0.3,0.7
58,1.0,0.3,0.7
59,1.0,0.26666666666666666,0.7333333333333334
60,1.0,0.26666666666666666,0.7333333333333334
61,1.0,0.3333333333333333,0.6666666666666667
62,1.0,0.2,0.8
63,1.0,0.26666666666666666,0.7333333333333334
64,1.0,0.23333333333333334,0.7666666666666666
65,1.0,0.26666666666666666,0.7333333333333334
66,1.0,0.13333333333333333,0.8666666666666667
67,1.0,0.26666666666666666,0.7333333333333334
68,1.0,0.36666666666666664,0.6333333333333333
69,1.0,0.2,0.8
70,1.0,0.36666666666666664,0.6333333333333333
71,1.0,0.36666666666666664,0.6333333333333333
72,1.0,0.16666666666666666,0.8333333333333334
73,1.0,0.26666666666666666,0.7333333333333334
74,1.0,0.16666666666666666,0.8333333333333334
75,1.0,0.3,0.7
76,1.0,0.26666666666666666,0.7333333333333334
77,1.0,0.16666666666666666,0.8333333333333334
78,1.0,0.3,0.7
79,1.0,0.4,0.6
80,1.0,0.2,0.8
81,1.0,0.26666666666666666,0.7333333333333334
82,1.0,0.23333333333333334,0.7666666666666666
83,1.0,0.23333333333333334,0.7666666666666666
84,1.0,0.36666666666666664,0.6333333333333333
85,1.0,0.2,0.8
86,1.0,0.3333333333333333,0.6666666666666667
87,1.0,0.23333333333333334,0.7666666666666666
88,1.0,0.16666666666666666,0.8333333333333334
89,1.0,0.3333333333333333,0.6666666666666667
90,1.0,0.2,0.8
91,1.0,0.3,0.7
92,1.0,0.3,0.7
93,1.0,0.16666666666666666,0.8333333333333334
94,1.0,0.23333333333333334,0.7666666666666666
95,1.0,0.3333333333333333,0.6666666666666667
96,1.0,0.26666666666666666,0.7333333333333334
97,1.0,0.16666666666666666,0.8333333333333334
98,1.0,0.3,0.7
99,1.0,0.3,0.7
100,1.0,0.23333333333333334,0.7666666666666666
101,1.0,0.5,0.5
102,1.0,0.13333333333333333,0.8666666666666667
103,1.0,0.23333333333333334,0.7666666666666666
104,1.0,0.2,0.8
105,1.0,0.23333333333333334,0.7666666666666666
106,1.0,0.3,0.7
107,1.0,0.3333333333333333,0.6666666666666667
108,1.0,0.23333333333333334,0.7666666666666666
109,1.0,0.26666666666666666,0.7333333333333334
110,1.0,0.26666666666666666,0.7333333333333334
111,1.0,0.3333333333333333,0.6666666666666667
112,1.0,0.36666666666666664,0.6333333333333333
113,1.0,0.13333333333333333,0.8666666666666667
114,1.0,0.3333333333333333,0.6666666666666667
115,1.0,0.3,0.7
116,1.0,0.26666666666666666,0.7333333333333334
117,1.0,0.23333333333333334,0.7666666666666666
118,1.0,0.3,0.7
119,1.0,0.43333333333333335,0.5666666666666667
120,1.0,0.3,0.7
121,1.0,0.3,0.7
122,1.0,0.2,0.8
123,1.0,0.36666666666666664,0.6333333333333333
124,1.0,0.4666666666666667,0.5333333333333333
125,1.0,0.3333333333333333,0.6666666666666667
126,1.0,0.16666666666666666,0.8333333333333334
127,1.0,0.3,0.7
128,1.0,0.23333333333333334,0.7666666666666666
129,1.0,0.3333333333333333,0.6666666666666667
130,1.0,0.36666666666666664,0.6333333333333333
131,1.0,0.2,0.8
132,1.0,0.3,0.7
133,1.0,0.36666666666666664,0.6333333333333333
134,1.0,0.13333333333333333,0.8666666666666667
135,1.0,0.2,0.8
136,1.0,0.2,0.8
137,1.0,0.43333333333333335,0.5666666666666667
138,1.0,0.36666666666666664,0.6333333333333333
139,1.0,0.3,0.7
140,1.0,0.4,0.6
141,1.0,0.26666666666666666,0.7333333333333334
142,1.0,0.4,0.6
143,1.0,0.26666666666666666,0.7333333333333334
144,1.0,0.4666666666666667,0.5333333333333333
145,1.0,0.16666666666666666,0.8333333333333334
146,1.0,0.4,0.6
147,1.0,0.26666666666666666,0.7333333333333334
148,1.0,0.23333333333333334,0.7666666666666666
149,1.0,0.23333333333333334,0.7666666666666666
150,1.0,0.2,0.8
151,1.0,0.16666666666666666,0.8333333333333334
152,1.0,0.23333333333333334,0.7666666666666666
153,1.0,0.16666666666666666,0.8333333333333334
154,1.0,0.23333333333333334,0.7666666666666666
155,1.0,0.3333333333333333,0.6666666666666667
156,1.0,0.26666666666666666,0.7333333333333334
157,1.0,0.26666666666666666,0.7333333333333334
158,1.0,0.1,0.9
159,1.0,0.16666666666666666,0.8333333333333334
160,1.0,0.26666666666666666,0.7333333333333334
161,1.0,0.13333333333333333,0.8666666666666667
162,1.0,0.23333333333333334,0.7666666666666666
163,1.0,0.26666666666666666,0.7333333333333334
164,1.0,0.2,0.8
165,1.0,0.26666666666666666,0.7333333333333334
166,1.0,0.26666666666666666,0.7333333333333334
167,1.0,0.26666666666666666,0.7333333333333334
168,1.0,0.3,0.7
169,1.0,0.3333333333333333,0.6666666666666667
170,1.0,0.3,0.7
171,1.0,0.23333333333333334,0.7666666666666666
172,1.0,0.2,0.8
173,1.0,0.23333333333333334,0.7666666666666666
174,1.0,0.3,0.7
175,1.0,0.36666666666666664,0.6333333333333333
176,1.0,0.3,0.7
177,1.0,0.16666666666666666,0.8333333333333334
178,1.0,0.36666666666666664,0.6333333333333333
179,1.0,0.3,0.7
180,1.0,0.26666666666666666,0.7333333333333334
181,1.0,0.23333333333333334,0.7666666666666666
182,1.0,0.26666666666666666,0.7333333333333334
183,1.0,0.3,0.7
184,1.0,0.16666666666666666,0.8333333333333334
185,1.0,0.2,0.8
186,1.0,0.3,0.7
187,1.0,0.16666666666666666,0.8333333333333334
188,1.0,0.3,0.7
189,1.0,0.26666666666666666,0.7333333333333334
190,1.0,0.4666666666666667,0.5333333333333333
191,1.0,0.43333333333333335,0.5666666666666667
192,1.0,0.3333333333333333,0.6666666666666667
193,1.0,0.3,0.7
194,1.0,0.4,0.6
195,1.0,0.26666666666666666,0.7333333333333334
196,1.0,0.2,0.8
197,1.0,0.3333333333333333,0.6666666666666667
198,1.0,0.26666666666666666,0.7333333333333334
199,1.0,0.36666666666666664,0.6333333333333333
200,1.0,0.3,0.7
201,1.0,0.3,0.7
202,1.0,0.13333333333333333,0.8666666666666667
203,1.0,0.13333333333333333,0.8666666666666667
204,1.0,0.3,0.7
205,1.0,0.3,0.7
206,1.0,0.23333333333333334,0.7666666666666666
207,1.0,0.26666666666666666,0.7333333333333334
208,1.0,0.4,0.6
209,1.0,0.4,0.6
210,1.0,0.03333333333333333,0.9666666666666667
211,1.0,0.26666666666666666,0.7333333333333334
212,1.0,0.3333333333333333,0.6666666666666667
213,1.0,0.26666666666666666,0.7333333333333334
214,1.0,0.26666666666666666,0.7333333333333334
215,1.0,0.13333333333333333,0.8666666666666667
216,1.0,0.3333333333333333,0.6666666666666667
217,1.0,0.26666666666666666,0.7333333333333334
218,1.0,0.2,0.8
219,1.0,0.13333333333333333,0.8666666666666667
220,1.0,0.23333333333333334,0.7666666666666666
221,1.0,0.16666666666666666,0.8333333333333334
222,1.0,0.16666666666666666,0.8333333333333334
223,1.0,0.3333333333333333,0.6666666666666667
224,1.0,0.4,0.6
225,1.0,0.16666666666666666,0.8333333333333334
226,1.0,0.23333333333333334,0.7666666666666666
227,1.0,0.3333333333333333,0.6666666666666667
228,1.0,0.1,0.9
229,1.0,0.23333333333333334,0.7666666666666666
230,1.0,0.23333333333333334,0.7666666666666666
231,1.0,0.3,0.7
232,1.0,0.23333333333333334,0.7666666666666666
233,1.0,0.23333333333333334,0.7666666666666666
234,1.0,0.3333333333333333,0.6666666666666667
235,1.0,0.26666666666666666,0.7333333333333334
236,1.0,0.3333333333333333,0.6666666666666667
237,1.0,0.03333333333333333,0.9666666666666667
238,1.0,0.23333333333333334,0.7666666666666666
239,1.0,0.4,0.6
240,1.0,0.36666666666666664,0.6333333333333333
241,1.0,0.4,0.6
242,1.0,0.26666666666666666,0.7333333333333334
243,1.0,0.2,0.8
244,1.0,0.13333333333333333,0.8666666666666667
245,1.0,0.13333333333333333,0.8666666666666667
246,1.0,0.36666666666666664,0.6333333333333333
247,1.0,0.3333333333333333,0.6666666666666667
248,1.0,0.2,0.8
249,1.0,0.06666666666666667,0.9333333333333333
250,1.0,0.3333333333333333,0.6666666666666667
251,1.0,0.36666666666666664,0.6333333333333333
252,1.0,0.26666666666666666,0.7333333333333334
253,1.0,0.26666666666666666,0.7333333333333334
254,1.0,0.3333333333333333,0.6666666666666667
255,1.0,0.36666666666666664,0.6333333333333333
256,1.0,0.23333333333333334,0.7666666666666666
257,1.0,0.3,0.7
258,1.0,0.23333333333333334,0.7666666666666666
259,1.0,0.36666666666666664,0.6333333333333333
260,1.0,0.3,0.7
261,1.0,0.2,0.8
262,1.0,0.3,0.7
263,1.0,0.3333333333333333,0.6666666666666667
264,1.0,0.36666666666666664,0.6333333333333333
265,1.0,0.23333333333333334,0.7666666666666666
266,1.0,0.23333333333333334,0.7666666666666666
267,1.0,0.26666666666666666,0.7333333333333334
268,1.0,0.2,0.8
269,1.0,0.23333333333333334,0.7666666666666666
270,1.0,0.3333333333333333,0.6666666666666667
271,1.0,0.2,0.8
272,1.0,0.36666666666666664,0.6333333333333333
273,1.0,0.3333333333333333,0.6666666666666667
274,1.0,0.3,0.7
275,1.0,0.36666666666666664,0.6333333333333333
276,1.0,0.4,0.6
277,1.0,0.23333333333333334,0.7666666666666666
278,1.0,0.23333333333333334,0.7666666666666666
279,1.0,0.3,0.7
280,1.0,0.16666666666666666,0.8333333333333334
281,1.0,0.26666666666666666,0.7333333333333334
282,1.0,0.23333333333333334,0.7666666666666666
283,1.0,0.4666666666666667,0.5333333333333333
284,1.0,0.23333333333333334,0.7666666666666666
285,1.0,0.16666666666666666,0.8333333333333334
286,1.0,0.2,0.8
287,1.0,0.2,0.8
288,1.0,0.16666666666666666,0.8333333333333334
289,1.0,0.3,0.7
290,1.0,0.3,0.7
291,1.0,0.23333333333333334,0.7666666666666666
292,1.0,0.23333333333333334,0.7666666666666666
293,1.0,0.36666666666666664,0.6333333333333333
294,1.0,0.2,0.8
295,1.0,0.1,0.9
296,1.0,0.26666666666666666,0.7333333333333334
297,1.0,0.26666666666666666,0.7333333333333334
298,1.0,0.2,0.8
299,1.0,0.2,0.8
300,1.0,0.3333333333333333,0.6666666666666667
301,1.0,0.13333333333333333,0.8666666666666667
302,1.0,0.13333333333333333,0.8666666666666667
303,1.0,0.26666666666666666,0.7333333333333334
304,1.0,0.16666666666666666,0.8333333333333334
305,1.0,0.23333333333333334,0.7666666666666666
306,1.0,0.26666666666666666,0.7333333333333334
307,1.0,0.16666666666666666,0.8333333333333334
308,1.0,0.3333333333333333,0.6666666666666667
309,1.0,0.23333333333333334,0.7666666666666666
310,1.0,0.16666666666666666,0.8333333333333334
311,1.0,0.23333333333333334,0.7666666666666666
312,1.0,0.36666666666666664,0.6333333333333333
313,1.0,0.3333333333333333,0.6666666666666667
314,1.0,0.4,0.6
315,1.0,0.3333333333333333,0.6666666666666667
316,1.0,0.36666666666666664,0.6333333333333333
317,1.0,0.3333333333333333,0.6666666666666667
318,1.0,0.26666666666666666,0.7333333333333334
319,1.0,0.3,0.7
320,1.0,0.2,0.8
321,1.0,0.36666666666666664,0.6333333333333333
322,1.0,0.3333333333333333,0.6666666666666667
323,1.0,0.2,0.8
324,1.0,0.2,0.8
325,1.0,0.3,0.7
326,1.0,0.16666666666666666,0.8333333333333334
327,1.0,0.3333333333333333,0.6666666666666667
328,1.0,0.4,0.6
329,1.0,0.4,0.6
330,1.0,0.26666666666666666,0.7333333333333334
331,1.0,0.3333333333333333,0.6666666666666667
332,1.0,0.26666666666666666,0.7333333333333334
333,1.0,0.16666666666666666,0.8333333333333334
334,1.0,0.2,0.8
335,1.0,0.2,0.8
336,1.0,0.23333333333333334,0.7666666666666666
337,1.0,0.36666666666666664,0.6333333333333333
338,1.0,0.2,0.8
339,1.0,0.2,0.8
340,1.0,0.26666666666666666,0.7333333333333334
341,1.0,0.36666666666666664,0.6333333333333333
342,1.0,0.26666666666666666,0.7333333333333334
343,1.0,0.2,0.8
344,1.0,0.26666666666666666,0.7333333333333334
345,1.0,0.36666666666666664,0.6333333333333333
346,1.0,0.4,0.6
347,1.0,0.3,0.7
348,1.0,0.4,0.6
349,1.0,0.16666666666666666,0.8333333333333334
350,1.0,0.4,0.6
351,1.0,0.2,0.8
352,1.0,0.16666666666666666,0.8333333333333334
353,1.0,0.1,0.9
354,1.0,0.3,0.7
355,1.0,0.26666666666666666,0.7333333333333334
356,1.0,0.3,0.7
357,1.0,0.23333333333333334,0.7666666666666666
358,1.0,0.23333333333333334,0.7666666666666666
359,1.0,0.2,0.8
360,1.0,0.13333333333333333,0.8666666666666667
361,1.0,0.3333333333333333,0.6666666666666667
362,1.0,0.2,0.8
363,1.0,0.3,0.7
364,1.0,0.4666666666666667,0.5333333333333333
365,1.0,0.3333333333333333,0.6666666666666667
366,1.0,0.26666666666666666,0.7333333333333334
367,1.0,0.23333333333333334,0.7666666666666666
368,1.0,0.36666666666666664,0.6333333333333333
369,1.0,0.43333333333333335,0.5666666666666667
370,1.0,0.3333333333333333,0.6666666666666667
371,1.0,0.26666666666666666,0.7333333333333334
372,1.0,0.26666666666666666,0.7333333333333334
373,1.0,0.26666666666666666,0.7333333333333334
374,1.0,0.4,0.6
375,1.0,0.26666666666666666,0.7333333333333334
376,1.0,0.2,0.8
377,1.0,0.2,0.8
378,1.0,0.13333333333333333,0.8666666666666667
379,1.0,0.4,0.6
380,1.0,0.3,0.7
381,1.0,0.16666666666666666,0.8333333333333334
382,1.0,0.43333333333333335,0.5666666666666667
383,1.0,0.2,0.8
384,1.0,0.26666666666666666,0.7333333333333334
385,1.0,0.1,0.9
386,1.0,0.2,0.8
387,1.0,0.36666666666666664,0.6333333333333333
388,1.0,0.3333333333333333,0.6666666666666667
389,1.0,0.23333333333333334,0.7666666666666666
390,1.0,0.23333333333333334,0.7666666666666666
391,1.0,0.43333333333333335,0.5666666666666667
392,1.0,0.36666666666666664,0.6333333333333333
393,1.0,0.2,0.8
394,1.0,0.3,0.7
395,1.0,0.4,0.6
396,1.0,0.3333333333333333,0.6666666666666667
397,1.0,0.3,0.7
398,1.0,0.2,0.8
399,1.0,0.3,0.7
400,1.0,0.5,0.5
401,1.0,0.2,0.8
402,1.0,0.4,0.6
403,1.0,0.2,0.8
404,1.0,0.26666666666666666,0.7333333333333334
405,1.0,0.2,0.8
406,1.0,0.26666666666666666,0.7333333333333334
407,1.0,0.26666666666666666,0.7333333333333334
408,1.0,0.36666666666666664,0.6333333333333333
409,1.0,0.16666666666666666,0.8333333333333334
410,1.0,0.23333333333333334,0.7666666666666666
411,1.0,0.3333333333333333,0.6666666666666667
412,1.0,0.3,0.7
413,1.0,0.4,0.6
414,1.0,0.4,0.6
415,1.0,0.23333333333333334,0.7666666666666666
416,1.0,0.26666666666666666,0.7333333333333334
417,1.0,0.3333333333333333,0.6666666666666667
418,1.0,0.16666666666666666,0.8333333333333334
419,1.0,0.26666666666666666,0.7333333333333334
420,1.0,0.2,0.8
421,1.0,0.3333333333333333,0.6666666666666667
422,1.0,0.23333333333333334,0.7666666666666666
423,1.0,0.4,0.6
424,1.0,0.3333333333333333,0.6666666666666667
425,1.0,0.3,0.7
426,1.0,0.3333333333333333,0.6666666666666667
427,1.0,0.26666666666666666,0.7333333333333334
428,1.0,0.23333333333333334,0.7666666666666666
429,1.0,0.23333333333333334,0.7666666666666666
430,1.0,0.23333333333333334,0.7666666666666666
431,1.0,0.16666666666666666,0.8333333333333334
432,1.0,0.3333333333333333,0.6666666666666667
433,1.0,0.4,0.6
434,1.0,0.3,0.7
435,1.0,0.16666666666666666,0.8333333333333334
436,1.0,0.26666666666666666,0.7333333333333334
437,1.0,0.3,0.7
438,1.0,0.13333333333333333,0.8666666666666667
439,1.0,0.26666666666666666,0.7333333333333334
440,1.0,0.3,0.7
441,1.0,0.36666666666666664,0.6333333333333333
442,1.0,0.26666666666666666,0.7333333333333334
443,1.0,0.3333333333333333,0.6666666666666667
444,1.0,0.2,0.8
445,1.0,0.36666666666666664,0.6333333333333333
446,1.0,0.2,0.8
447,1.0,0.16666666666666666,0.8333333333333334
448,1.0,0.2,0.8
449,1.0,0.43333333333333335,0.5666666666666667
450,1.0,0.36666666666666664,0.6333333333333333
451,1.0,0.3,0.7
452,1.0,0.16666666666666666,0.8333333333333334
453,1.0,0.23333333333333334,0.7666666666666666
454,1.0,0.36666666666666664,0.6333333333333333
455,1.0,0.3,0.7
456,1.0,0.26666666666666666,0.7333333333333334
457,1.0,0.16666666666666666,0.8333333333333334
458,1.0,0.4,0.6
459,1.0,0.3333333333333333,0.6666666666666667
460,1.0,0.3,0.7
461,1.0,0.2,0.8
462,1.0,0.2,0.8
463,1.0,0.4,0.6
464,1.0,0.13333333333333333,0.8666666666666667
465,1.0,0.16666666666666666,0.8333333333333334
466,1.0,0.23333333333333334,0.7666666666666666
467,1.0,0.2,0.8
468,1.0,0.2,0.8
469,1.0,0.06666666666666667,0.9333333333333333
470,1.0,0.3,0.7
471,1.0,0.1,0.9
472,1.0,0.3,0.7
473,1.0,0.23333333333333334,0.7666666666666666
474,1.0,0.16666666666666666,0.8333333333333334
475,1.0,0.23333333333333334,0.7666666666666666
476,1.0,0.3333333333333333,0.6666666666666667
477,1.0,0.4666666666666667,0.5333333333333333
478,1.0,0.23333333333333334,0.7666666666666666
479,1.0,0.26666666666666666,0.7333333333333334
480,1.0,0.26666666666666666,0.7333333333333334
481,1.0,0.3,0.7
482,1.0,0.23333333333333334,0.7666666666666666
483,1.0,0.2,0.8
484,1.0,0.2,0.8
485,1.0,0.3,0.7
486,1.0,0.23333333333333334,0.7666666666666666
487,1.0,0.2,0.8
488,1.0,0.3333333333333333,0.6666666666666667
489,1.0,0.3333333333333333,0.6666666666666667
490,1.0,0.3333333333333333,0.6666666666666667
491,1.0,0.26666666666666666,0.7333333333333334
492,1.0,0.16666666666666666,0.8333333333333334
493,1.0,0.23333333333333334,0.7666666666666666
494,1.0,0.06666666666666667,0.9333333333333333
495,1.0,0.23333333333333334,0.7666666666666666
496,1.0,0.2,0.8
497,1.0,0.3333333333333333,0.6666666666666667
498,1.0,0.2,0.8
499,1.0,0.4,0.6
500,1.0,0.3,0.7
501,1.0,0.23333333333333334,0.7666666666666666
502,1.0,0.4,0.6
503,1.0,0.26666666666666666,0.7333333333333334
504,1.0,0.26666666666666666,0.7333333333333334
505,1.0,0.23333333333333334,0.7666666666666666
506,1.0,0.23333333333333334,0.7666666666666666
507,1.0,0.13333333333333333,0.8666666666666667
508,1.0,0.3333333333333333,0.6666666666666667
509,1.0,0.13333333333333333,0.8666666666666667
510,1.0,0.2,0.8
511,1.0,0.2,0.8
512,1.0,0.26666666666666666,0.7333333333333334
513,1.0,0.26666666666666666,0.7333333333333334
514,1.0,0.23333333333333334,0.7666666666666666
515,1.0,0.1,0.9
516,1.0,0.36666666666666664,0.6333333333333333
517,1.0,0.4,0.6
518,1.0,0.16666666666666666,0.8333333333333334
519,1.0,0.13333333333333333,0.8666666666666667
520,1.0,0.2,0.8
521,1.0,0.3333333333333333,0.6666666666666667
522,1.0,0.2,0.8
523,1.0,0.3333333333333333,0.6666666666666667
524,1.0,0.16666666666666666,0.8333333333333334
525,1.0,0.26666666666666666,0.7333333333333334
526,1.0,0.3,0.7
527,1.0,0.26666666666666666,0.7333333333333334
528,1.0,0.36666666666666664,0.6333333333333333
529,1.0,0.4,0.6
530,1.0,0.2,0.8
531,1.0,0.4,0.6
532,1.0,0.2,0.8
533,1.0,0.26666666666666666,0.7333333333333334
534,1.0,0.3333333333333333,0.6666666666666667
535,1.0,0.3,0.7
536,1.0,0.16666666666666666,0.8333333333333334
537,1.0,0.3333333333333333,0.6666666666666667
538,1.0,0.43333333333333335,0.5666666666666667
539,1.0,0.16666666666666666,0.8333333333333334
540,1.0,0.23333333333333334,0.7666666666666666
541,1.0,0.26666666666666666,0.7333333333333334
542,1.0,0.23333333333333334,0.7666666666666666
543,1.0,0.26666666666666666,0.7333333333333334
544,1.0,0.3,0.7
545,1.0,0.36666666666666664,0.6333333333333333
546,1.0,0.26666666666666666,0.7333333333333334
547,1.0,0.26666666666666666,0.7333333333333334
548,1.0,0.26666666666666666,0.7333333333333334
549,1.0,0.16666666666666666,0.8333333333333334
550,1.0,0.3,0.7
551,1.0,0.23333333333333334,0.7666666666666666
552,1.0,0.3333333333333333,0.6666666666666667
553,1.0,0.36666666666666664,0.6333333333333333
554,1.0,0.4,0.6
555,1.0,0.26666666666666666,0.7333333333333334
556,1.0,0.4,0.6
557,1.0,0.26666666666666666,0.7333333333333334
558,1.0,0.5666666666666667,0.43333333333333335
559,1.0,0.23333333333333334,0.7666666666666666
560,1.0,0.13333333333333333,0.8666666666666667
561,1.0,0.3333333333333333,0.6666666666666667
562,1.0,0.26666666666666666,0.7333333333333334
563,1.0,0.4,0.6
564,1.0,0.23333333333333334,0.7666666666666666
565,1.0,0.3333333333333333,0.6666666666666667
566,1.0,0.3333333333333333,0.6666666666666667
567,1.0,0.43333333333333335,0.5666666666666667
568,1.0,0.26666666666666666,0.7333333333333334
569,1.0,0.13333333333333333,0.8666666666666667
570,1.0,0.3,0.7
571,1.0,0.13333333333333333,0.8666666666666667
572,1.0,0.13333333333333333,0.8666666666666667
573,1.0,0.23333333333333334,0.7666666666666666
574,1.0,0.43333333333333335,0.5666666666666667
575,1.0,0.3,0.7
576,1.0,0.23333333333333334,0.7666666666666666
577,1.0,0.26666666666666666,0.7333333333333334
578,1.0,0.3333333333333333,0.6666666666666667
579,1.0,0.26666666666666666,0.7333333333333334
580,1.0,0.4,0.6
581,1.0,0.26666666666666666,0.7333333333333334
582,1.0,0.26666666666666666,0.7333333333333334
583,1.0,0.4,0.6
584,1.0,0.23333333333333334,0.7666666666666666
585,1.0,0.26666666666666666,0.7333333333333334
586,1.0,0.23333333333333334,0.7666666666666666
587,1.0,0.4,0.6
588,1.0,0.16666666666666666,0.8333333333333334
589,1.0,0.36666666666666664,0.6333333333333333
590,1.0,0.23333333333333334,0.7666666666666666
591,1.0,0.36666666666666664,0.6333333333333333
592,1.0,0.3,0.7
593,1.0,0.23333333333333334,0.7666666666666666
594,1.0,0.23333333333333334,0.7666666666666666
595,1.0,0.2,0.8
596,1.0,0.23333333333333334,0.7666666666666666
597,1.0,0.3333333333333333,0.6666666666666667
598,1.0,0.2,0.8
599,1.0,0.23333333333333334,0.7666666666666666
600,1.0,0.23333333333333334,0.7666666666666666
601,1.0,0.36666666666666664,0.6333333333333333
602,1.0,0.26666666666666666,0.7333333333333334
603,1.0,0.3333333333333333,0.6666666666666667
604,1.0,0.3,0.7
605,1.0,0.23333333333333334,0.7666666666666666
606,1.0,0.4,0.6
607,1.0,0.23333333333333334,0.7666666666666666
608,1.0,0.2,0.8
609,1.0,0.26666666666666666,0.7333333333333334
610,1.0,0.23333333333333334,0.7666666666666666
611,1.0,0.3333333333333333,0.6666666666666667
612,1.0,0.1,0.9
613,1.0,0.3333333333333333,0.6666666666666667
614,1.0,0.23333333333333334,0.7666666666666666
615,1.0,0.3333333333333333,0.6666666666666667
616,1.0,0.16666666666666666,0.8333333333333334
617,1.0,0.3,0.7
618,1.0,0.3333333333333333,0.6666666666666667
619,1.0,0.43333333333333335,0.5666666666666667
620,1.0,0.26666666666666666,0.7333333333333334
621,1.0,0.3,0.7
622,1.0,0.23333333333333334,0.7666666666666666
623,1.0,0.16666666666666666,0.8333333333333334
624,1.0,0.23333333333333334,0.7666666666666666
625,1.0,0.23333333333333334,0.7666666666666666
626,1.0,0.3,0.7
627,1.0,0.16666666666666666,0.8333333333333334
628,1.0,0.3333333333333333,0.6666666666666667
629,1.0,0.2,0.8
630,1.0,0.3333333333333333,0.6666666666666667
631,1.0,0.26666666666666666,0.7333333333333334
632,1.0,0.2,0.8
633,1.0,0.16666666666666666,0.8333333333333334
634,1.0,0.2,0.8
635,1.0,0.23333333333333334,0.7666666666666666
636,1.0,0.2,0.8
637,1.0,0.23333333333333334,0.7666666666666666
638,1.0,0.23333333333333334,0.7666666666666666
639,1.0,0.23333333333333334,0.7666666666666666
640,1.0,0.06666666666666667,0.9333333333333333
641,1.0,0.26666666666666666,0.7333333333333334
642,1.0,0.23333333333333334,0.7666666666666666
643,1.0,0.16666666666666666,0.8333333333333334
644,1.0,0.26666666666666666,0.7333333333333334
645,1.0,0.2,0.8
646,1.0,0.26666666666666666,0.7333333333333334
647,1.0,0.2,0.8
648,1.0,0.36666666666666664,0.6333333333333333
649,1.0,0.26666666666666666,0.7333333333333334
650,1.0,0.26666666666666666,0.7333333333333334
651,1.0,0.2,0.8
652,1.0,0.2,0.8
653,1.0,0.36666666666666664,0.6333333333333333
654,1.0,0.3,0.7
655,1.0,0.43333333333333335,0.5666666666666667
656,1.0,0.3333333333333333,0.6666666666666667
657,1.0,0.23333333333333334,0.7666666666666666
658,1.0,0.26666666666666666,0.7333333333333334
659,1.0,0.26666666666666666,0.7333333333333334
660,1.0,0.3,0.7
661,1.0,0.2,0.8
662,1.0,0.2,0.8
663,1.0,0.2,0.8
664,1.0,0.1,0.9
665,1.0,0.26666666666666666,0.7333333333333334
666,1.0,0.3333333333333333,0.6666666666666667
667,1.0,0.16666666666666666,0.8333333333333334
668,1.0,0.2,0.8
669,1.0,0.23333333333333334,0.7666666666666666
670,1.0,0.2,0.8
671,1.0,0.3,0.7
672,1.0,0.16666666666666666,0.8333333333333334
673,1.0,0.3,0.7
674,1.0,0.23333333333333334,0.7666666666666666
675,1.0,0.5,0.5
676,1.0,0.23333333333333334,0.7666666666666666
677,1.0,0.1,0.9
678,1.0,0.3,0.7
679,1.0,0.3333333333333333,0.6666666666666667
680,1.0,0.36666666666666664,0.6333333333333333
681,1.0,0.23333333333333334,0.7666666666666666
682,1.0,0.3333333333333333,0.6666666666666667
683,1.0,0.3,0.7
684,1.0,0.26666666666666666,0.7333333333333334
685,1.0,0.26666666666666666,0.7333333333333334
686,1.0,0.16666666666666666,0.8333333333333334
687,1.0,0.3,0.7
688,1.0,0.23333333333333334,0.7666666666666666
689,1.0,0.26666666666666666,0.7333333333333334
690,1.0,0.3,0.7
691,1.0,0.23333333333333334,0.7666666666666666
692,1.0,0.4,0.6
693,1.0,0.16666666666666666,0.8333333333333334
694,1.0,0.3333333333333333,0.6666666666666667
695,1.0,0.3333333333333333,0.6666666666666667
696,1.0,0.36666666666666664,0.6333333333333333
697,1.0,0.16666666666666666,0.8333333333333334
698,1.0,0.3,0.7
699,1.0,0.1,0.9
700,1.0,0.23333333333333334,0.7666666666666666
701,1.0,0.26666666666666666,0.7333333333333334
702,1.0,0.2,0.8
703,1.0,0.36666666666666664,0.6333333333333333
704,1.0,0.16666666666666666,0.8333333333333334
705,1.0,0.3,0.7
706,1.0,0.23333333333333334,0.7666666666666666
707,1.0,0.13333333333333333,0.8666666666666667
708,1.0,0.16666666666666666,0.8333333333333334
709,1.0,0.36666666666666664,0.6333333333333333
710,1.0,0.36666666666666664,0.6333333333333333
711,1.0,0.3,0.7
712,1.0,0.36666666666666664,0.6333333333333333
713,1.0,0.3333333333333333,0.6666666666666667
714,1.0,0.36666666666666664,0.6333333333333333
715,1.0,0.26666666666666666,0.7333333333333334
716,1.0,0.26666666666666666,0.7333333333333334
717,1.0,0.1,0.9
718,1.0,0.2,0.8
719,1.0,0.23333333333333334,0.7666666666666666
720,1.0,0.36666666666666664,0.6333333333333333
721,1.0,0.2,0.8
722,1.0,0.36666666666666664,0.6333333333333333
723,1.0,0.13333333333333333,0.8666666666666667
724,1.0,0.3333333333333333,0.6666666666666667
725,1.0,0.3,0.7
726,1.0,0.1,0.9
727,1.0,0.2,0.8
728,1.0,0.23333333333333334,0.7666666666666666
729,1.0,0.26666666666666666,0.7333333333333334
730,1.0,0.3,0.7
731,1.0,0.36666666666666664,0.6333333333333333
732,1.0,0.26666666666666666,0.7333333333333334
733,1.0,0.36666666666666664,0.6333333333333333
734,1.0,0.36666666666666664,0.6333333333333333
735,1.0,0.3,0.7
736,1.0,0.43333333333333335,0.5666666666666667
737,1.0,0.2,0.8
738,1.0,0.36666666666666664,0.6333333333333333
739,1.0,0.26666666666666666,0.7333333333333334
740,1.0,0.4,0.6
741,1.0,0.26666666666666666,0.7333333333333334
742,1.0,0.26666666666666666,0.7333333333333334
743,1.0,0.3333333333333333,0.6666666666666667
744,1.0,0.2,0.8
745,1.0,0.36666666666666664,0.6333333333333333
746,1.0,0.23333333333333334,0.7666666666666666
747,1.0,0.3333333333333333,0.6666666666666667
748,1.0,0.16666666666666666,0.8333333333333334
749,1.0,0.23333333333333334,0.7666666666666666
750,1.0,0.26666666666666666,0.7333333333333334
751,1.0,0.26666666666666666,0.7333333333333334
752,1.0,0.26666666666666666,0.7333333333333334
753,1.0,0.4,0.6
754,1.0,0.16666666666666666,0.8333333333333334
755,1.0,0.36666666666666664,0.6333333333333333
756,1.0,0.13333333333333333,0.8666666666666667
757,1.0,0.3,0.7
758,1.0,0.23333333333333334,0.7666666666666666
759,1.0,0.3333333333333333,0.6666666666666667
760,1.0,0.2,0.8
761,1.0,0.2,0.8
762,1.0,0.3333333333333333,0.6666666666666667
763,1.0,0.23333333333333334,0.7666666666666666
764,1.0,0.26666666666666666,0.7333333333333334
765,1.0,0.3,0.7
766,1.0,0.3,0.7
767,1.0,0.23333333333333334,0.7666666666666666
768,1.0,0.4666666666666667,0.5333333333333333
769,1.0,0.13333333333333333,0.8666666666666667
770,1.0,0.13333333333333333,0.8666666666666667
771,1.0,0.3,0.7
772,1.0,0.2,0.8
773,1.0,0.2,0.8
774,1.0,0.23333333333333334,0.7666666666666666
775,1.0,0.3333333333333333,0.6666666666666667
776,1.0,0.1,0.9
777,1.0,0.3333333333333333,0.6666666666666667
778,1.0,0.3,0.7
779,1.0,0.23333333333333334,0.7666666666666666
780,1.0,0.26666666666666666,0.7333333333333334
781,1.0,0.3333333333333333,0.6666666666666667
782,1.0,0.26666666666666666,0.7333333333333334
783,1.0,0.3333333333333333,0.6666666666666667
784,1.0,0.13333333333333333,0.8666666666666667
785,1.0,0.23333333333333334,0.7666666666666666
786,1.0,0.36666666666666664,0.6333333333333333
787,1.0,0.2,0.8
788,1.0,0.1,0.9
789,1.0,0.36666666666666664,0.6333333333333333
790,1.0,0.3333333333333333,0.6666666666666667
791,1.0,0.23333333333333334,0.7666666666666666
792,1.0,0.36666666666666664,0.6333333333333333
793,1.0,0.26666666666666666,0.7333333333333334
794,1.0,0.43333333333333335,0.5666666666666667
795,1.0,0.2,0.8
796,1.0,0.3333333333333333,0.6666666666666667
797,1.0,0.3,0.7
798,1.0,0.4,0.6
799,1.0,0.36666666666666664,0.6333333333333333
800,1.0,0.23333333333333334,0.7666666666666666
801,1.0,0.26666666666666666,0.7333333333333334
802,1.0,0.36666666666666664,0.6333333333333333
803,1.0,0.26666666666666666,0.7333333333333334
804,1.0,0.23333333333333334,0.7666666666666666
805,1.0,0.13333333333333333,0.8666666666666667
806,1.0,0.2,0.8
807,1.0,0.3333333333333333,0.6666666666666667
808,1.0,0.43333333333333335,0.5666666666666667
809,1.0,0.3333333333333333,0.6666666666666667
810,1.0,0.2,0.8
811,1.0,0.3333333333333333,0.6666666666666667
812,1.0,0.26666666666666666,0.7333333333333334
813,1.0,0.3,0.7
814,1.0,0.23333333333333334,0.7666666666666666
815,1.0,0.3,0.7
816,1.0,0.36666666666666664,0.6333333333333333
817,1.0,0.23333333333333334,0.7666666666666666
818,1.0,0.23333333333333334,0.7666666666666666
819,1.0,0.3333333333333333,0.6666666666666667
820,1.0,0.4666666666666667,0.5333333333333333
821,1.0,0.4,0.6
822,1.0,0.3333333333333333,0.6666666666666667
823,1.0,0.1,0.9
824,1.0,0.2,0.8
825,1.0,0.36666666666666664,0.6333333333333333
826,1.0,0.43333333333333335,0.5666666666666667
827,1.0,0.26666666666666666,0.7333333333333334
828,1.0,0.2,0.8
829,1.0,0.4666666666666667,0.5333333333333333
830,1.0,0.3333333333333333,0.6666666666666667
831,1.0,0.26666666666666666,0.7333333333333334
832,1.0,0.16666666666666666,0.8333333333333334
833,1.0,0.1,0.9
834,1.0,0.13333333333333333,0.8666666666666667
835,1.0,0.2,0.8
836,1.0,0.26666666666666666,0.7333333333333334
837,1.0,0.3,0.7
838,1.0,0.43333333333333335,0.5666666666666667
839,1.0,0.16666666666666666,0.8333333333333334
840,1.0,0.16666666666666666,0.8333333333333334
841,1.0,0.16666666666666666,0.8333333333333334
842,1.0,0.2,0.8
843,1.0,0.3,0.7
844,1.0,0.1,0.9
845,1.0,0.2,0.8
846,1.0,0.13333333333333333,0.8666666666666667
847,1.0,0.36666666666666664,0.6333333333333333
848,1.0,0.23333333333333334,0.7666666666666666
849,1.0,0.16666666666666666,0.8333333333333334
850,1.0,0.23333333333333334,0.7666666666666666
851,1.0,0.3,0.7
852,1.0,0.3,0.7
853,1.0,0.26666666666666666,0.7333333333333334
854,1.0,0.2,0.8
855,1.0,0.23333333333333334,0.7666666666666666
856,1.0,0.16666666666666666,0.8333333333333334
857,1.0,0.16666666666666666,0.8333333333333334
858,1.0,0.23333333333333334,0.7666666666666666
859,1.0,0.23333333333333334,0.7666666666666666
860,1.0,0.16666666666666666,0.8333333333333334
861,1.0,0.26666666666666666,0.7333333333333334
862,1.0,0.13333333333333333,0.8666666666666667
863,1.0,0.36666666666666664,0.6333333333333333
864,1.0,0.16666666666666666,0.8333333333333334
865,1.0,0.23333333333333334,0.7666666666666666
866,1.0,0.16666666666666666,0.8333333333333334
867,1.0,0.16666666666666666,0.8333333333333334
868,1.0,0.3,0.7
869,1.0,0.36666666666666664,0.6333333333333333
870,1.0,0.23333333333333334,0.7666666666666666
871,1.0,0.3,0.7
872,1.0,0.26666666666666666,0.7333333333333334
873,1.0,0.3,0.7
874,1.0,0.3333333333333333,0.6666666666666667
875,1.0,0.26666666666666666,0.7333333333333334
876,1.0,0.13333333333333333,0.8666666666666667
877,1.0,0.23333333333333334,0.7666666666666666
878,1.0,0.3,0.7
879,1.0,0.26666666666666666,0.7333333333333334
880,1.0,0.2,0.8
881,1.0,0.4,0.6
882,1.0,0.3333333333333333,0.6666666666666667
883,1.0,0.16666666666666666,0.8333333333333334
884,1.0,0.2,0.8
885,1.0,0.3,0.7
886,1.0,0.3333333333333333,0.6666666666666667
887,1.0,0.26666666666666666,0.7333333333333334
888,1.0,0.26666666666666666,0.7333333333333334
889,1.0,0.2,0.8
890,1.0,0.3,0.7
891,1.0,0.3,0.7
892,1.0,0.4,0.6
893,1.0,0.13333333333333333,0.8666666666666667
894,1.0,0.16666666666666666,0.8333333333333334
895,1.0,0.26666666666666666,0.7333333333333334
896,1.0,0.26666666666666666,0.7333333333333334
897,1.0,0.23333333333333334,0.7666666666666666
898,1.0,0.2,0.8
899,1.0,0.3,0.7
900,1.0,0.23333333333333334,0.7666666666666666
901,1.0,0.26666666666666666,0.7333333333333334
902,1.0,0.2,0.8
903,1.0,0.26666666666666666,0.7333333333333334
904,1.0,0.16666666666666666,0.8333333333333334
905,1.0,0.3,0.7
906,1.0,0.4,0.6
907,1.0,0.3,0.7
908,1.0,0.3333333333333333,0.6666666666666667
909,1.0,0.1,0.9
910,1.0,0.16666666666666666,0.8333333333333334
911,1.0,0.3333333333333333,0.6666666666666667
912,1.0,0.23333333333333334,0.7666666666666666
913,1.0,0.23333333333333334,0.7666666666666666
914,1.0,0.2,0.8
915,1.0,0.2,0.8
916,1.0,0.23333333333333334,0.7666666666666666
917,1.0,0.23333333333333334,0.7666666666666666
918,1.0,0.26666666666666666,0.7333333333333334
919,1.0,0.23333333333333334,0.7666666666666666
920,1.0,0.13333333333333333,0.8666666666666667
921,1.0,0.16666666666666666,0.8333333333333334
922,1.0,0.16666666666666666,0.8333333333333334
923,1.0,0.23333333333333334,0.7666666666666666
924,1.0,0.23333333333333334,0.7666666666666666
925,1.0,0.4,0.6
926,1.0,0.36666666666666664,0.6333333333333333
927,1.0,0.2,0.8
928,1.0,0.3,0.7
929,1.0,0.3,0.7
930,1.0,0.43333333333333335,0.5666666666666667
931,1.0,0.26666666666666666,0.7333333333333334
932,1.0,0.2,0.8
933,1.0,0.3,0.7
934,1.0,0.23333333333333334,0.7666666666666666
935,1.0,0.26666666666666666,0.7333333333333334
936,1.0,0.13333333333333333,0.8666666666666667
937,1.0,0.23333333333333334,0.7666666666666666
938,1.0,0.4,0.6
939,1.0,0.23333333333333334,0.7666666666666666
940,1.0,0.26666666666666666,0.7333333333333334
941,1.0,0.23333333333333334,0.7666666666666666
942,1.0,0.2,0.8
943,1.0,0.2,0.8
944,1.0,0.36666666666666664,0.6333333333333333
945,1.0,0.16666666666666666,0.8333333333333334
946,1.0,0.23333333333333334,0.7666666666666666
947,1.0,0.4,0.6
948,1.0,0.2,0.8
949,1.0,0.16666666666666666,0.8333333333333334
950,1.0,0.3333333333333333,0.6666666666666667
951,1.0,0.36666666666666664,0.6333333333333333
952,1.0,0.43333333333333335,0.5666666666666667
953,1.0,0.23333333333333334,0.7666666666666666
954,1.0,0.2,0.8
955,1.0,0.26666666666666666,0.7333333333333334
956,1.0,0.36666666666666664,0.6333333333333333
957,1.0,0.3333333333333333,0.6666666666666667
958,1.0,0.3,0.7
959,1.0,0.36666666666666664,0.6333333333333333
960,1.0,0.23333333333333334,0.7666666666666666
961,1.0,0.36666666666666664,0.6333333333333333
962,1.0,0.2,0.8
963,1.0,0.36666666666666664,0.6333333333333333
964,1.0,0.23333333333333334,0.7666666666666666
965,1.0,0.2,0.8
966,1.0,0.3,0.7
967,1.0,0.23333333333333334,0.7666666666666666
968,1.0,0.3333333333333333,0.6666666666666667
969,1.0,0.26666666666666666,0.7333333333333334
970,1.0,0.3333333333333333,0.6666666666666667
971,1.0,0.26666666666666666,0.7333333333333334
972,1.0,0.26666666666666666,0.7333333333333334
973,1.0,0.26666666666666666,0.7333333333333334
974,1.0,0.3333333333333333,0.6666666666666667
975,1.0,0.3,0.7
976,1.0,0.26666666666666666,0.7333333333333334
977,1.0,0.23333333333333334,0.7666666666666666
978,1.0,0.3,0.7
979,1.0,0.26666666666666666,0.7333333333333334
980,1.0,0.4,0.6
981,1.0,0.26666666666666666,0.7333333333333334
982,1.0,0.2,0.8
983,1.0,0.23333333333333334,0.7666666666666666
984,1.0,0.4,0.6
985,1.0,0.26666666666666666,0.7333333333333334
986,1.0,0.4,0.6
987,1.0,0.2,0.8
988,1.0,0.3,0.7
989,1.0,0.3333333333333333,0.6666666666666667
990,1.0,0.3333333333333333,0.6666666666666667
991,1.0,0.2,0.8
992,1.0,0.3,0.7
993,1.0,0.23333333333333334,0.7666666666666666
994,1.0,0.3,0.7
995,1.0,0.43333333333333335,0.5666666666666667
996,1.0,0.26666666666666666,0.7333333333333334
997,1.0,0.3,0.7
998,1.0,0.16666666666666666,0.8333333333333334
999,1.0,0.26666666666666666,0.7333333333333334
