artist,label,S2_bulk_proxy,S4_catalog_density,S5_genre_concentration,composite_score,predicted_ghost
The Black Dog,0,0.0,0.043333333333333335,1.0,1.3417331285468797e-07,0
Death Cab for Cutie,0,0.0,0.056666666666666664,0.5,2.7836565371570703e-07,0
Yasuharu Takanashi,0,0.0,0.05333333333333334,1.0,1.2850800717370793e-07,0
Ilkae,0,0.0,0.04,1.0,1.3611671550858891e-07,0
George Bruns,0,0.0,0.043333333333333335,1.0,1.3417331285468797e-07,0
Reiki Armonía,0,0.0,0.05,1.0,1.30369352014278e-07,0
Susumu Yokota,0,0.0,0.08666666666666667,1.0,1.1129534693514232e-07,0
The Wiggles,0,0.0,0.16666666666666666,1.0,7.88114592420714e-08,0
Rei Harakami,0,0.0,0.09,1.0,1.0970633064802094e-07,0
Rain Sounds,0,0.0,0.14333333333333334,1.0,8.715786780182158e-08,0
KT Tunstall,0,0.0,0.09,0.3333333333333333,3.134291555233108e-07,0
Plaid,0,0.0,0.09333333333333334,1.0,1.0814000149524271e-07,0
Kelpe,0,0.0,0.04,1.0,1.3611671550858891e-07,0
Aphex Twin,0,0.0,0.05,0.5,2.8648789923127093e-07,0
Martin Shamoonpour,0,0.0,0.04,1.0,1.3611671550858891e-07,0
Nature Sounds,0,0.0,0.11666666666666667,1.0,9.77843028099669e-08,0
Alireza Mashayekhi,0,0.0,0.043333333333333335,1.0,1.3417331285468797e-07,0
Catie Turner,0,0.0,0.07333333333333333,0.5,2.5905326041172853e-07,0
Bogdan Raczynski,0,0.0,0.06666666666666667,1.0,1.2132461350562002e-07,0
Silent Knights,0,0.0,0.08333333333333333,1.0,1.1290737896311193e-07,0
Aitana,0,0.0,0.03666666666666667,0.5,3.034502858553416e-07,0
alva noto,0,0.0,0.04666666666666667,1.0,1.322576570749425e-07,0
The Velvet Underground,0,0.0,0.043333333333333335,0.25,4.370813512197231e-07,0
Yura Yunita,0,0.0,0.03333333333333333,0.25,4.5635017904454657e-07,0
Boards of Canada,0,0.0,0.06333333333333334,0.5,2.704736826883457e-07,0
Clairo,0,0.0,0.03333333333333333,0.5,3.0784554134272787e-07,0
Casino Versus Japan,0,0.0,0.1,1.0,1.0507411355804393e-07,0
Mouse On Mars,0,0.0,0.03333333333333333,1.0,1.4008837483232685e-07,0
Ed Sheeran,0,0.0,0.043333333333333335,1.0,1.3417331285468797e-07,0
White Noise Baby Sleep,0,0.0,0.03333333333333333,1.0,1.4008837483232685e-07,0
Datassette,0,0.0,0.04666666666666667,1.0,1.322576570749425e-07,0
Bethel Music;Jonathan David Helser;Melissa Helser,0,0.0,0.04666666666666667,0.5,2.9063746702384994e-07,0
Canned Heat,0,0.0,0.03333333333333333,0.25,4.5635017904454657e-07,0
告五人,0,0.0,0.05333333333333334,1.0,1.2850800717370793e-07,0
Ocean Waves For Sleep,0,0.0,0.05333333333333334,1.0,1.2850800717370793e-07,0
Karunesh,0,0.0,0.05,1.0,1.30369352014278e-07,0
arai tasuku,0,0.0,0.12333333333333334,1.0,9.501201028820037e-08,0
j-hope,0,0.0,0.03333333333333333,1.0,1.4008837483232685e-07,0
Siavash Amini,0,0.0,0.043333333333333335,1.0,1.3417331285468797e-07,0
Kettel,0,0.0,0.03666666666666667,1.0,1.3808826692973203e-07,0
Gal Costa,0,0.0,0.03666666666666667,0.5,3.034502858553416e-07,0
Hanare Gumi,0,0.0,0.043333333333333335,0.5,2.9484713825477366e-07,0
Connie Francis,0,0.0,0.06333333333333334,0.3333333333333333,3.516429598454746e-07,0
Nine Inch Nails,0,0.0,0.08333333333333333,0.3333333333333333,3.2257449521248347e-07,0
Lana Del Rey,0,0.0,0.04666666666666667,1.0,1.322576570749425e-07,0
Frank Ocean,0,0.0,0.056666666666666664,1.0,1.2667323762957915e-07,0
ABBA,0,0.0,0.23666666666666666,1.0,5.8269015635868426e-08,0
Pink Noise,0,0.0,0.03666666666666667,1.0,1.3808826692973203e-07,0
Cory Asbury,0,0.0,0.03666666666666667,1.0,1.3808826692973203e-07,0
Maisie Peters,0,0.0,0.1,0.5,2.3090137753678262e-07,0
White Noise for Babies,0,0.0,0.12666666666666668,1.0,9.36554788751546e-08,0
Marisa Monte,0,0.0,0.04,1.0,1.3611671550858891e-07,0
Alan Menken,0,0.0,0.17666666666666667,0.5,1.6587625361525068e-07,0
The Magnetic Fields,0,0.0,0.04666666666666667,1.0,1.322576570749425e-07,0
Bo Kaspers Orkester,0,0.0,0.056666666666666664,0.3333333333333333,3.6190331416779753e-07,0
The Avett Brothers,0,0.0,0.13,0.3333333333333333,2.637518944211998e-07,0
Imelda May,0,0.0,0.06,1.0,1.2486466395397064e-07,0
Top of the Bus,0,0.0,0.043333333333333335,1.0,1.3417331285468797e-07,0
creamy;untrusted;11:11 Music Group,0,0.0,0.04666666666666667,0.5,2.9063746702384994e-07,0
Veronica Maggio,0,0.0,0.04,1.0,1.3611671550858891e-07,0
Barış Manço,0,0.0,0.10666666666666667,0.5,2.2435507039933804e-07,0
Gabriel Guedes de Almeida,0,0.0,0.056666666666666664,0.5,2.7836565371570703e-07,0
Everything But The Girl,0,0.0,0.12333333333333334,0.5,2.087898111109123e-07,0
Super Simple Songs,0,0.0,0.12,1.0,9.638819006906516e-08,0
A Great Big World,0,0.0,0.043333333333333335,0.5,2.9484713825477366e-07,0
Randy Newman,0,0.0,0.2,0.3333333333333333,1.950041802126759e-07,0
Four Tops,0,0.0,0.07,0.3333333333333333,3.4167349767784785e-07,0
Djavan,0,0.0,0.06333333333333334,1.0,1.2308191213622822e-07,0
Eddie Vedder,0,0.0,0.05333333333333334,1.0,1.2850800717370793e-07,0
Billy Joel,0,0.0,0.17,0.2,2.737999189081773e-07,0
Elton John,0,0.0,0.10666666666666667,1.0,1.0209514690578832e-07,0
Leila Bela,0,0.0,0.07666666666666666,1.0,1.1620182853466949e-07,0
Crows in the Rain,0,0.0,0.09333333333333334,1.0,1.0814000149524271e-07,0
CASTLEBEAT,0,0.0,0.03333333333333333,1.0,1.4008837483232685e-07,0
Hans Zimmer;Henning Lohner;Martin Tillman;Fiachra Trench,0,0.0,0.04666666666666667,1.0,1.322576570749425e-07,0
The Countdown Kids,0,0.0,0.11666666666666667,1.0,9.77843028099669e-08,0
The Kiboomers,0,0.0,0.15666666666666668,1.0,8.228588111474238e-08,0
Faithless;Rollo Armstrong;Sister Bliss,0,0.0,0.03666666666666667,1.0,1.3808826692973203e-07,0
Rival Consoles,0,0.0,0.12666666666666668,0.5,2.0580882055117603e-07,0
Roberto Carlos,0,0.0,0.06,1.0,1.2486466395397064e-07,0
The Doors,0,0.0,0.09,0.5,2.410807179127372e-07,0
Håkan Hellström,0,0.0,0.61,0.3333333333333333,3.325598152781194e-08,0
Yanni,0,0.0,0.14333333333333334,1.0,8.715786780182158e-08,0
The Wood Brothers,0,0.0,0.07666666666666666,0.3333333333333333,3.319866805629166e-07,0
Glee Cast,0,0.0,0.4633333333333333,1.0,2.1915733664612262e-08,0
Chris Janson,0,0.0,0.04,1.0,1.3611671550858891e-07,0
La Oreja de Van Gogh,0,0.0,0.05,0.3333333333333333,3.724630483828812e-07,0
Stupeflip,0,0.0,0.03333333333333333,1.0,1.4008837483232685e-07,0
The Fray,0,0.0,0.03666666666666667,0.5,3.034502858553416e-07,0
Elvis Presley,0,0.0,0.5633333333333334,0.3333333333333333,4.067281499201448e-08,0
Nathan Kawanishi,0,0.0,0.07666666666666666,1.0,1.1620182853466949e-07,0
aswekeepsearching,0,0.0,0.05333333333333334,1.0,1.2850800717370793e-07,0
Bethel Music;Jenn Johnson,0,0.0,0.04666666666666667,0.5,2.9063746702384994e-07,0
XXXTENTACION,0,0.0,0.25333333333333335,0.5,1.1916313061057515e-07,0
Donna Summer,0,0.0,0.04,1.0,1.3611671550858891e-07,0
Sheryl Crow,0,0.0,0.06,0.5,2.743912963246258e-07,0
Ray LaMontagne,0,0.0,0.03666666666666667,1.0,1.3808826692973203e-07,0
Lauv,0,0.0,0.06666666666666667,0.3333333333333333,3.4662238824520126e-07,0
Cyndi Wang,0,0.0,0.03333333333333333,1.0,1.4008837483232685e-07,0
Hillsong Young & Free,0,0.0,0.12333333333333334,1.0,9.501201028820037e-08,0
Enigma,0,0.0,0.16333333333333333,1.0,7.99529858571061e-08,0
Yann Tiersen,0,0.0,0.04,0.5,2.991177834776382e-07,0
Adele,0,0.0,0.24333333333333335,0.5,1.2441646526454513e-07,0
Ingrid Andress,0,7.730736842148644e-05,0.06666666666666667,1.0,1.215145089854663e-07,0
Raghu Dixit,0,0.004638070198413002,0.12,0.25,3.4488150992165954e-07,0
Bethel Music;Steffany Gretzinger,0,0.004787097777778082,0.03333333333333333,0.5,3.3915024396926176e-07,0
Faber,0,0.011814563636364128,0.03666666666666667,1.0,1.7537154182876167e-07,0
Faith Hill,0,0.01443824807692351,0.043333333333333335,1.0,1.796884173486324e-07,0
Hiroyuki Sawano,0,0.0173087078784685,0.12333333333333334,1.0,1.3485039193202702e-07,0
Wolves In The Throne Room,0,0.01804233226875407,0.04,1.0,1.9607885281954454e-07,0
The Lemonheads,0,0.025713603494647574,0.11666666666666667,1.0,1.645083578200373e-07,0
Kemuel,0,0.02683569819329601,0.19,0.3333333333333333,3.5039455514253914e-07,0
Phil Wickham,0,0.028946179103285452,0.13333333333333333,0.3333333333333333,4.6694994995593445e-07,0
Limão Com Mel,0,0.032803944485294556,0.056666666666666664,1.0,2.4597964367105154e-07,0
De-Phazz,0,0.03342761042307696,0.043333333333333335,1.0,2.6385172853461606e-07,0
Michael Kiwanuka,0,0.03360983636363657,0.03666666666666667,0.5,5.989386102386379e-07,0
Corinne Bailey Rae,0,0.03519189393939404,0.04,0.3333333333333333,7.925264400652573e-07,0
Henry Jackman,0,0.03949271943681354,0.04666666666666667,1.0,2.940373193509815e-07,0
Leon Lai,0,0.04099301920098053,0.06,1.0,2.861559402684637e-07,0
Joe Vasconcellos,0,0.04151893818181862,0.03666666666666667,0.3333333333333333,9.137938341788201e-07,0
Glen Campbell,0,0.043009541666666595,0.043333333333333335,0.2,1.1288479338350561e-06,0
Tony Anderson,0,0.04758222884615404,0.043333333333333335,1.0,3.513353956075263e-07,0
Stumbleine,0,0.049119000081818576,0.03666666666666667,1.0,3.730049145614505e-07,0
Ochre,0,0.050092592550000536,0.08666666666666667,1.0,3.066117191866636e-07,0
Wu Bai,0,0.05231904830208356,0.05333333333333334,0.3333333333333333,1.058061639955018e-06,0
Ben Rector,0,0.05315041089523809,0.05,0.5,8.396219019455705e-07,0
Cem Karaca,0,0.05316893508021403,0.11333333333333333,0.5,6.391246092572571e-07,0
The 1975,0,0.056460516964015994,0.14,0.3333333333333333,7.916251772067309e-07,0
Two Lone Swordsmen,0,0.05748177998547843,0.043333333333333335,1.0,4.2923882143327737e-07,0
Michael Bublé,0,0.059088432292683124,0.13666666666666666,0.5,6.514435755545899e-07,0
Floyd Cramer,0,0.06064355952380962,0.12,1.0,3.287274657577895e-07,0
Kvatro,0,0.06271299970760258,0.06333333333333334,1.0,4.377119432328681e-07,0
Idina Menzel,0,0.06673095894117653,0.056666666666666664,1.0,4.886306065946136e-07,0
Lionel Richie,0,0.0668608161764711,0.056666666666666664,0.5,1.0765945481852689e-06,0
George Strait,0,0.06831921507352956,0.056666666666666664,0.5,1.1088316295099966e-06,0
Simply Red,0,0.06880582421875059,0.05333333333333334,0.3333333333333333,1.4769406512486073e-06,0
The White Stripes,0,0.0689104079719205,0.08,0.14285714285714285,1.780650145959998e-06,0
Melorman,0,0.07245728713541699,0.05333333333333334,1.0,5.565924131356602e-07,0
Pete Bernhard,0,0.07607173846153903,0.08666666666666667,1.0,5.186096066855921e-07,0
Hans Zimmer,0,0.07648633933939453,0.15,1.0,3.979442377769642e-07,0
Brett Eldredge,0,0.08135613814229248,0.07666666666666666,1.0,6.025665715386513e-07,0
Luis Alberto Spinetta,0,0.08197767777777809,0.06,0.3333333333333333,1.8732670541967764e-06,0
Mike Oldfield,0,0.0873969637254901,0.06,1.0,7.316545247327797e-07,0
Skylar Grey,0,0.08994803990934108,0.04666666666666667,1.0,8.160203151508345e-07,0
Damien Rice,0,0.09402653787878801,0.04,0.5,2.004266565235531e-06,0
Play School,0,0.09642839687500004,0.05333333333333334,1.0,9.039543363885198e-07,0
Anenon,0,0.09910898388888911,0.03333333333333333,1.0,1.040327056206013e-06,0
Granular,0,0.09937069685244815,0.11666666666666667,1.0,7.30022856429538e-07,0
Los Hermanos,0,0.10075068785490804,0.12666666666666668,0.25,2.3421819021671547e-06,0
Cristian,0,0.10232876500952404,0.05,1.0,1.0333137071580102e-06,0
Alcest,0,0.10474069732198854,0.043333333333333335,1.0,1.1166419718591745e-06,0
Seekae,0,0.10474463950681856,0.03666666666666667,1.0,1.1493153507147257e-06,0
Rod Stewart,0,0.10533482454545506,0.03666666666666667,1.0,1.1631200633269003e-06,0
Cooltime Kids,0,0.10541980305523502,0.20333333333333334,0.5,1.2474870012272578e-06,0
Kenny Rogers,0,0.10773366444444454,0.03333333333333333,1.0,1.2386424495547236e-06,0
Nightmares On Wax,0,0.10786521473529398,0.056666666666666664,0.25,3.658303551480087e-06,0
SOPHIE,0,0.10791530772972746,0.03666666666666667,1.0,1.2254527148354548e-06,0
Jax,0,0.10834597346938812,0.16666666666666666,0.5,1.5503995709306128e-06,0
Michael Jackson,0,0.10844612666666709,0.05333333333333334,1.0,1.1527463420281524e-06,0
Winona Oak,0,0.1085893194444445,0.03333333333333333,1.0,1.2602703132731315e-06,0
Autechre,0,0.1099911870615945,0.08,1.0,1.0600981839139857e-06,0
EGOIST,0,0.11030327186852606,0.043333333333333335,0.3333333333333333,3.5702059229562255e-06,0
Ocoeur,0,0.11094623602941212,0.056666666666666664,1.0,1.1952377241636123e-06,0
Lianne La Havas,0,0.11106408288770064,0.11333333333333333,0.3333333333333333,2.6805654531421268e-06,0
The Kinks,0,0.11140181500000002,0.05333333333333334,0.5,2.689258234455724e-06,0
Linn da Quebrada,0,0.11230249223684252,0.06666666666666667,1.0,1.1766149566258027e-06,0
Paolo Nutini,0,0.11412227395411656,0.13,0.25,3.025919076037699e-06,0
Arca,0,0.11436047469762856,0.07666666666666666,1.0,1.1748428367502604e-06,0
Nickel Creek,0,0.11548142730769262,0.08666666666666667,1.0,1.1510454667377287e-06,0
Aline Barros,0,0.11591601755670755,0.13666666666666666,0.5,2.0566549792940026e-06,0
RADWIMPS,0,0.11909370026248312,0.22333333333333333,0.2,2.4202515782728994e-06,0
Jéssica Augusto,0,0.11957848033712148,0.04,0.5,3.3608830203720403e-06,0
Arctic Monkeys,0,0.12099356466837152,0.5066666666666667,0.3333333333333333,6.005093647172784e-07,0
Shogo Hamada,0,0.1234680231095241,0.05,1.0,1.58474999530833e-06,0
Gowry Lekshmi,0,0.12428234937500005,0.05333333333333334,1.0,1.5880716100155395e-06,0
Eagles,0,0.12557253008547054,0.09,0.2,4.904502588986413e-06,0
Cássia Eller,0,0.12625166666666698,0.05,0.5,3.684238099733469e-06,0
The Rolling Stones,0,0.12695242103749904,0.2,0.5,1.9564371226821785e-06,0
Ben Woodward,0,0.12939237179487206,0.043333333333333335,0.5,4.040473862431621e-06,0
Little Dragon,0,0.131634121217033,0.04666666666666667,0.3333333333333333,5.418252837666404e-06,0
Andrew Belle,0,0.13227035514163754,0.06333333333333334,0.5,3.9286767939694285e-06,0
The Bangles,0,0.13379464409486197,0.07666666666666666,0.25,5.670508982719177e-06,0
The Chainsmokers,0,0.13383452675304353,0.15666666666666668,0.25,4.0186993338742254e-06,0
Choo Choo Soul,0,0.13415624166666706,0.03333333333333333,0.5,4.645400854585276e-06,0
Charly García,0,0.13477956045665151,0.22,0.2,3.3722584818609513e-06,0
Led Zeppelin,0,0.13499247411086712,0.08333333333333333,0.5,3.807946921283427e-06,0
Fejo,0,0.13539293690476206,0.07,1.0,1.8503787005746362e-06,0
Miguel Bosé,0,0.13573085384615402,0.04666666666666667,1.0,2.060376977381095e-06,0
Pink Sweat$,0,0.1369129741963765,0.19666666666666666,0.3333333333333333,3.1564631554350383e-06,0
Idlefon,0,0.13725479369788507,0.04666666666666667,1.0,2.1248875137261216e-06,0
George Benson,0,0.13900135416666703,0.05333333333333334,0.16666666666666666,7.944612881572042e-06,0
Job Kurian,0,0.14025609230769254,0.04666666666666667,1.0,2.2579025551633296e-06,0
"Phillips, Craig & Dean",0,0.14116860631818207,0.03666666666666667,1.0,2.4013662726768416e-06,0
Auli'i Cravalho,0,0.14395026124444454,0.03333333333333333,0.5,5.6633405668963705e-06,0
Living Room,0,0.14634757172777801,0.03333333333333333,1.0,2.705240053031679e-06,0
Alison Krauss & Union Station,0,0.146836914117647,0.11666666666666667,1.0,1.9070958865176985e-06,0
my little airport,0,0.15172980340972997,0.57,1.0,2.978506978278774e-07,0
Сергей Зыков,0,0.15244602238095262,0.05,1.0,2.8481308242928327e-06,0
Tanya Chua,0,0.15311661111111108,0.03333333333333333,1.0,3.1022599629556177e-06,0
Bastille,0,0.15400933397435912,0.043333333333333335,1.0,3.0254201681784683e-06,0
Elvis Costello,0,0.15461904090909107,0.03666666666666667,1.0,3.1523406683511324e-06,0
Beat Oven,0,0.15548991722107608,0.11666666666666667,1.0,2.271942648786672e-06,0
Brandi Carlile,0,0.15743721538461553,0.043333333333333335,0.5,7.125773454855002e-06,0
Joey Yung,0,0.16030359871794908,0.043333333333333335,1.0,3.4362655397246257e-06,0
Dua Lipa,0,0.1605534658272061,0.056666666666666664,0.5,7.16522759128799e-06,0
Jason Mraz,0,0.1608035540784315,0.17,0.5,4.416595326936943e-06,0
The Smiths,0,0.16357633216838652,0.09333333333333334,0.3333333333333333,8.45408620194344e-06,0
Pink Guy,0,0.16383334540522898,0.06,1.0,3.434569891904068e-06,0
Mayday,0,0.16621997222857143,0.05,1.0,3.7633706625248774e-06,0
Alberto Vazquez,0,0.16859693722943758,0.07333333333333333,0.5,7.84644197824617e-06,0
Jerry Garcia Band;Jerry Garcia,0,0.1698651590909095,0.03666666666666667,1.0,4.291257050744122e-06,0
Catupecu Machu,0,0.17069457619365402,0.08666666666666667,0.25,1.1457375082565155e-05,0
Timothy Infinite,0,0.17209856671602353,0.20666666666666667,1.0,2.15623871160351e-06,0
Jota Quest,0,0.17741087944734957,0.14666666666666667,0.3333333333333333,8.88569184481696e-06,0
Hans Zimmer;Lisa Gerrard;Gavin Greenaway;The Lyndhurst Orchestra,0,0.1782847177647061,0.056666666666666664,1.0,4.667522409057487e-06,0
Vipa Music;Kenyaman,0,0.17834475274725303,0.04666666666666667,0.5,1.0722055425057132e-05,0
Dusty Decks,0,0.178575499831933,0.11666666666666667,1.0,3.624314916798902e-06,0
sadeyes,0,0.17973376305882405,0.06,0.5,1.0411197979597454e-05,0
Indila,0,0.18193945047619053,0.07,1.0,4.7447732318838466e-06,0
Legião Urbana,0,0.182804049916099,0.25666666666666665,0.3333333333333333,6.1656819748188345e-06,0
31 Minutos,0,0.18298542065217405,0.08,0.5,1.019994517671885e-05,0
Sachin Warrier,0,0.1835707142857146,0.05,1.0,5.345881674343077e-06,0
XTC,0,0.18574209454545454,0.03666666666666667,1.0,5.9166794790897154e-06,0
No.1,0,0.186806574861082,0.06333333333333334,1.0,5.388504001056932e-06,0
Seal,0,0.18839190476190504,0.05,0.5,1.2951071452734642e-05,0
Plastikman;Richie Hawtin,0,0.18910286549515498,0.07,1.0,5.484697278009056e-06,0
Rolf Zuckowski,0,0.19123759634146353,0.13666666666666666,1.0,4.295388740631354e-06,0
Florence + The Machine,0,0.19206939172252757,0.04666666666666667,1.0,6.440703079625669e-06,0
"Sarah, the Illstrumentalist",0,0.19286374213895752,0.29,1.0,2.2908989804067906e-06,0
Seiko Matsuda,0,0.19393422758449252,0.3933333333333333,0.3333333333333333,4.282656374426107e-06,0
Nirvana,0,0.19507002164879605,0.2833333333333333,0.25,8.031092843426582e-06,0
Faye Wong,0,0.1957698737640311,0.16333333333333333,0.5,9.221234454365898e-06,0
Los Solitarios,0,0.19602610760116956,0.07,1.0,6.3092781709250245e-06,0
Ado,0,0.19644245914390557,0.06,1.0,6.6431420300911104e-06,0
Seafret,0,0.1985601493589746,0.043333333333333335,1.0,7.450848554891894e-06,0
Jessie Ware,0,0.19924831759090955,0.04,0.5,1.684317815825887e-05,0
David Bisbal,0,0.2025552763157895,0.06666666666666667,0.3333333333333333,2.0868513703789356e-05,0
Şehinşah,0,0.2040559306818185,0.04,1.0,8.447658932301193e-06,0
Nat King Cole,0,0.20528850094641848,0.34,1.0,2.374048742027203e-06,0
shy martin,0,0.205893488736264,0.04666666666666667,0.5,1.8720473910939883e-05,0
Nando Reis,0,0.2081480039525696,0.07666666666666666,0.5,1.721542375073309e-05,0
Jeff Mills,0,0.2086611234258806,0.09333333333333334,0.5,1.618824689000923e-05,0
Bersuit Vergarabat,0,0.20870449896627008,0.09333333333333334,0.3333333333333333,2.106472265049633e-05,0
Crate Diggers,0,0.2116233409901901,0.04,1.0,9.845159939685983e-06,0
El Michels Affair,0,0.21231342677222254,0.03333333333333333,1.0,1.0274869091255365e-05,0
Hozier,0,0.21335862304409703,0.12666666666666668,0.5,1.5417680384938804e-05,0
Kailash Kher,0,0.21651194086829306,0.13666666666666666,0.25,2.3331894841361702e-05,0
Jorge Drexler,0,0.21768767323227756,0.17333333333333334,1.0,6.261704889149902e-06,0
The Party Cats,0,0.2179158417233461,0.10333333333333333,0.5,1.8697107096292674e-05,0
Ben Platt,0,0.2187973498023721,0.07666666666666666,1.0,9.717508361908377e-06,0
Tristam,0,0.219194710227273,0.04,0.5,2.5215567031686035e-05,0
Selena Gomez,0,0.21976624921666654,0.03333333333333333,1.0,1.1946916207214726e-05,0
John Mayer,0,0.22185604124801706,0.20666666666666667,0.5,1.2965536135612668e-05,0
Sweet Little Band,0,0.22219609415322605,0.10666666666666667,1.0,9.145523178034449e-06,0
Jaleh Negari,0,0.2225389770833336,0.03333333333333333,1.0,1.2636203510762283e-05,0
Los Hermanos Carrion,0,0.22315187595000008,0.03333333333333333,1.0,1.2793855817416864e-05,0
Shane & Shane,0,0.22360422604166708,0.05333333333333334,1.0,1.1844160501071494e-05,0
Deep Purple,0,0.22531667474848205,0.13,0.25,2.8694351489489647e-05,0
Nikolai Erdenko,0,0.2260236130541876,0.09666666666666666,1.0,1.0317451933118522e-05,0
Kristen Anderson-Lopez;Robert Lopez,0,0.22625484682197006,0.04,1.0,1.3236501689612564e-05,0
Priest,0,0.22714829978265405,0.03666666666666667,0.5,3.0046364325930417e-05,0
a-ha,0,0.2282774543043481,0.08,0.5,2.5499136397634443e-05,0
DJ Shadow,0,0.22867592842857154,0.04666666666666667,0.5,2.9680951876112427e-05,0
Novo Som;Catedral,0,0.22885113957863656,0.03666666666666667,0.5,3.10994396930778e-05,0
Matt Redman,0,0.22942550747171353,0.07666666666666666,0.3333333333333333,3.44215656480313e-05,0
Echosmith,0,0.23039484363636353,0.03666666666666667,0.5,3.2085962225317005e-05,0
Ramin Djawadi,0,0.2307074589687501,0.05333333333333334,1.0,1.3674525131647839e-05,0
Pearl Jam,0,0.23220635002634504,0.11,0.5,2.425701109596363e-05,0
Kid Abelha,0,0.23346950271411004,0.17333333333333334,0.3333333333333333,2.4617901878315822e-05,0
When Chai Met Toast,0,0.23438125892597994,0.17666666666666667,0.25,2.8184043594779743e-05,0
Maria Bethânia,0,0.23541119094076657,0.14,0.3333333333333333,2.9563897250358282e-05,0
Alceu Valença,0,0.23557265303030306,0.04,1.0,1.5982251399461518e-05,0
Gilberto Gil,0,0.23690627095588246,0.056666666666666664,0.5,3.357775743142014e-05,0
Air,0,0.23737506647186157,0.07333333333333333,0.3333333333333333,4.101263127284105e-05,0
Ashu Shukla,0,0.23737926470588255,0.056666666666666664,0.3333333333333333,4.4073727676521e-05,0
Yuvan Shankar Raja,0,0.23811514752536256,0.15333333333333332,0.3333333333333333,2.9480667743726444e-05,0
Lorne Balfe,0,0.23888657056275908,0.19666666666666666,1.0,8.694149496603942e-06,0
Rodolfo Abrantes,0,0.24035673745454555,0.03666666666666667,0.5,3.9249743182658104e-05,0
Kacey Musgraves,0,0.2404542500000001,0.06666666666666667,1.0,1.572407349886227e-05,0
Metá Metá,0,0.24069231060606056,0.04,1.0,1.7726309958613805e-05,0
Lyn Lapid,0,0.24069843661538515,0.08666666666666667,0.25,4.721947499854197e-05,0
Prabh Deep,0,0.24078860245098055,0.06,0.25,5.307296573618272e-05,0
Ralph Stanley,0,0.24088025037878813,0.04,1.0,1.7793834307583005e-05,0
Morcheeba,0,0.2418372202762925,0.11333333333333333,0.5,2.905403033138735e-05,0
Gene Vincent & His Blue Caps,0,0.24405654545454558,0.03666666666666667,0.5,4.230014760363029e-05,0
The Growlers,0,0.2445653274896571,0.06,1.0,1.7586308293736654e-05,0
IZAL,0,0.24610877944444454,0.03333333333333333,1.0,2.0356201772821622e-05,0
Blur,0,0.24690522353333355,0.03333333333333333,0.3333333333333333,5.909969542630501e-05,0
Germaine Franco,0,0.24701859526055703,0.35333333333333333,1.0,5.213703419305383e-06,0
Peter Cat Recording Co.,0,0.24805812087912105,0.04666666666666667,1.0,1.9991366356979288e-05,0
Slank,0,0.24925075177093603,0.09666666666666666,0.5,3.62714471117769e-05,0
Basho & Friends,0,0.24986979777777807,0.03333333333333333,1.0,2.1965456234525017e-05,0
Lars Winnerbäck,0,0.24994863620833352,0.08333333333333333,0.3333333333333333,5.065804752104039e-05,0
Ankur Tewari;The Ghalat Family,0,0.2512126666666671,0.03333333333333333,0.25,7.352118580709439e-05,0
Jobii,0,0.25138761811904764,0.16333333333333333,1.0,1.2927431218794691e-05,0
Sujatha,0,0.2516293965270685,0.2966666666666667,1.0,7.308465112025426e-06,0
Månegarm,0,0.25449678563982303,0.056666666666666664,1.0,2.1811002242122536e-05,0
Pink Floyd,0,0.255199701814224,0.2966666666666667,0.5,1.72631991349669e-05,0
meadowzz,0,0.25670519727272756,0.03666666666666667,1.0,2.4862754421547162e-05,0
Stefanie Sun,0,0.2570728318181821,0.03666666666666667,1.0,2.5048353539671427e-05,0
Thievery Corporation,0,0.2574502473042861,0.07,1.0,2.1859656855642166e-05,0
Amy Winehouse,0,0.2604738540935675,0.06333333333333334,0.5,5.255533363737173e-05,0
Limp Bizkit,0,0.26288666919697,0.04,0.3333333333333333,7.934110703903066e-05,0
Joe Jackson,0,0.2632120381868136,0.04666666666666667,1.0,2.7163214881934075e-05,0
Gabriela Rocha,0,0.26356911321138343,0.07666666666666666,0.5,5.282387389534048e-05,0
Criolo,0,0.263710245073537,0.21333333333333335,0.5,2.937800743193612e-05,0
Spuntic,0,0.2655210728222225,0.12,1.0,2.0743118230651853e-05,0
FKA twigs,0,0.2659113470120411,0.16666666666666666,0.5,3.756574895731498e-05,0
The Jamborees,0,0.2665468000000005,0.06333333333333334,0.5,5.942518077176447e-05,0
Gilberto Santa Rosa,0,0.2666895698924736,0.10333333333333333,1.0,2.2822652082706377e-05,0
The Strokes,0,0.267048597262561,0.17333333333333334,0.25,5.5366994211692857e-05,0
ヨルシカ,0,0.2673112765277781,0.03333333333333333,1.0,3.1259097534826556e-05,0
K.I.Z,0,0.26829288840909093,0.03666666666666667,1.0,3.143080114677534e-05,0
The Local Train,0,0.2697914306532656,0.16666666666666666,0.14285714285714285,7.13023757171558e-05,0
Z.TAO,0,0.2702315533333335,0.05,1.0,3.0860820437925794e-05,0
Riley Green,0,0.27065136180000005,0.03333333333333333,1.0,3.3444242440700145e-05,0
Christian Löffler,0,0.27123244380952394,0.05,0.2,0.00011098283347614939,0
Tim Maia,0,0.27291887956229,0.18333333333333332,0.25,5.9715792976681965e-05,0
Trampled by Turtles,0,0.2729875083713006,0.14666666666666667,0.5,4.72531399676611e-05,0
Zeca Baleiro,0,0.274104,0.03666666666666667,0.5,7.768236466463535e-05,0
Badfinger,0,0.27543003100967756,0.10333333333333333,0.1111111111111111,0.00011040748610986143,0
"Nikolai Erdenko;Ансамбль ""Джанг""",0,0.27561396103896096,0.07333333333333333,1.0,3.1115714448446404e-05,0
Gabrielle Aplin,0,0.275690380587302,0.09333333333333334,0.3333333333333333,8.16704819296155e-05,0
Virus,0,0.2764143640151516,0.04,0.3333333333333333,0.00010431368304947344,0
Pritam;KK,0,0.27676259215686305,0.06,1.0,3.373275021061339e-05,0
Cage The Elephant,0,0.2774343535900181,0.11333333333333333,0.25,8.849142820354505e-05,0
Labrinth,0,0.2782569837121215,0.04,0.5,8.32842079585852e-05,0
Mustafa Zahid,0,0.2784904381818186,0.03666666666666667,0.5,8.489036565745007e-05,0
wavcrush,0,0.28094506552631615,0.06666666666666667,1.0,3.567034756154e-05,0
Clannad,0,0.2809549039215691,0.06,1.0,3.6718418156751544e-05,0
Mother Goose Club,0,0.2818509948717951,0.043333333333333335,1.0,4.0177423262786634e-05,0
Benny,0,0.2821320863636366,0.03666666666666667,1.0,4.158548461131026e-05,0
Derrick May,0,0.2829697722561081,0.043333333333333335,1.0,4.1097104168021664e-05,0
Peppa Pig,0,0.2834577955602541,0.14666666666666667,0.5,5.8400615052538146e-05,0
Disturbed,0,0.2838572886634795,0.06666666666666667,0.5,8.313889774541971e-05,0
LFO,0,0.28552774716408347,0.05333333333333334,1.0,4.145237243525659e-05,0
The Supremes,0,0.28688719940476215,0.21333333333333335,0.3333333333333333,6.104041411607921e-05,0
Chico Buarque,0,0.2888604444444445,0.03333333333333333,1.0,4.8339180056459345e-05,0
Hooverphonic,0,0.29214434403557354,0.07666666666666666,0.5,9.41614867342766e-05,0
Portishead,0,0.29304403952569213,0.07666666666666666,0.5,9.589086805931401e-05,0
Bonobo,0,0.2932283783845415,0.15333333333333332,0.3333333333333333,8.989469501372366e-05,0
Enrique Guzman,0,0.2933159173387101,0.10666666666666667,1.0,3.855246479925939e-05,0
Theo Parrish,0,0.29338204020049397,0.13666666666666666,0.5,7.453160093665745e-05,0
Mägo de Oz,0,0.2939223861400855,0.12666666666666668,1.0,3.580221076992303e-05,0
Joe Satriani,0,0.29557923584768764,0.05333333333333334,0.3333333333333333,0.0001451189733785809,0
Old Crow Medicine Show,0,0.29598126309523853,0.07333333333333333,1.0,4.698068182922003e-05,0
Girl Pusher,0,0.29739418482652846,0.03333333333333333,1.0,5.7447677872362715e-05,0
Valery Obodzinsky,0,0.29774846888888895,0.03333333333333333,1.0,5.78608789806607e-05,0
Bob Dylan,0,0.2980694139705886,0.056666666666666664,0.25,0.0001715277940552074,0
Jaymes Young,0,0.298086904761905,0.05,0.5,0.00011913411675530005,0
Overseer,0,0.29830772447228604,0.03333333333333333,1.0,5.8519194777012776e-05,0
Havoc Brothers,0,0.2988211681818186,0.04,1.0,5.745386712630116e-05,0
Slowgold,0,0.2997958955128205,0.043333333333333335,1.0,5.776140315108599e-05,0
Onze:20,0,0.302343804688889,0.03333333333333333,0.3333333333333333,0.00018139012045575816,0
Vance Joy,0,0.3023777055076926,0.08666666666666667,0.5,0.00011092770725323172,0
Billie Marten,0,0.3043652310606061,0.04,0.5,0.00014122893106559297,0
Andrew Gold,0,0.3067835455714285,0.07,1.0,5.930178585933841e-05,0
Kailash Kher;Paresh Kamath;Naresh Kamath,0,0.30750140522875846,0.06,0.2,0.00022137561048330483,0
Raul Seixas,0,0.30926380690524213,0.10666666666666667,0.3333333333333333,0.00015206464694413746,0
Divididos,0,0.3100681119563671,0.08333333333333333,0.3333333333333333,0.0001709243335080182,0
Chicago,0,0.31033456493506495,0.07333333333333333,0.25,0.0002045760340620366,0
Andy Lau,0,0.31173713449999996,0.08333333333333333,0.5,0.0001359897255145197,0
King Crimson,0,0.31194547415644447,0.03333333333333333,0.5,0.00016943448945183303,0
Patty Shukla,0,0.31217969166666704,0.08333333333333333,0.3333333333333333,0.00017838277817848694,0
demxntia,0,0.3127604775,0.05333333333333334,0.5,0.0001580139602109596,0
Matt Large,0,0.3154066075961426,0.18,1.0,4.3927942123699064e-05,0
MORADA,0,0.3159424555555561,0.03333333333333333,1.0,8.360371938371409e-05,0
Peggy Lee,0,0.316390890545017,0.2733333333333333,0.5,6.583261962448797e-05,0
Keane,0,0.3165487648185571,0.08,0.5,0.00015206149527820722,0
Bicep,0,0.3166196323809525,0.05,0.3333333333333333,0.0002253174844033514,0
David Tao,0,0.31675930412087905,0.04666666666666667,1.0,8.024585075417584e-05,0
Hillsong Worship;Brooke Ligertwood,0,0.3174572290199411,0.07666666666666666,1.0,7.150731247931512e-05,0
Cheap Trick,0,0.3176200124509361,0.09666666666666666,0.25,0.00021435961536597631,0
Front 242,0,0.31768802182000255,0.043333333333333335,0.5,0.00018226954796828757,0
Kari Jobe,0,0.31836826875,0.056666666666666664,0.3333333333333333,0.00022681254241932968,0
Anirudh Ravichander,0,0.32152399394153863,0.08666666666666667,1.0,7.436074279043644e-05,0
Otis Redding,0,0.3220867373949581,0.11666666666666667,0.5,0.0001452045307595677,0
Aril Brikha,0,0.32250658247355357,0.10666666666666667,1.0,6.958359628074952e-05,0
Glee Cast;Darren Criss,0,0.323366990622167,0.03333333333333333,1.0,9.715192917518747e-05,0
Natos y Waor,0,0.3235241131944445,0.03333333333333333,1.0,9.746120310969032e-05,0
Spandau Ballet,0,0.3251171890690481,0.07,0.5,0.00018880832436196296,0
Banda Cuisillos,0,0.32512047107843156,0.06,1.0,8.972183045257307e-05,0
Armin van Buuren,0,0.32523149983838007,0.22666666666666666,0.25,0.00014271871382375462,0
Devin Kennedy,0,0.32613458333333356,0.04,0.25,0.0003251426917957993,0
Oscar Hollis,0,0.3264481790909096,0.03666666666666667,1.0,0.00010192371748466304,0
Terence Lam,0,0.32655063186813205,0.04666666666666667,1.0,9.782305609038136e-05,0
FACE,0,0.328389852777778,0.06,1.0,9.58561844928609e-05,0
Zach Bryan,0,0.3286478100985225,0.09666666666666666,1.0,8.226099148034543e-05,0
Roffe Ruff,0,0.328787272,0.08333333333333333,1.0,8.737723560220729e-05,0
Daniel Deluxe,0,0.32885344905468805,0.05333333333333334,1.0,9.958233347307085e-05,0
Maria Rita,0,0.329046978021978,0.04666666666666667,0.3333333333333333,0.0002938980199740535,0
OneRepublic,0,0.3298284836428611,0.6033333333333334,0.3333333333333333,2.7052698893687495e-05,0
Michael Ray,0,0.33002277448541695,0.05333333333333334,1.0,0.00010196589068503769,0
Najand,0,0.3305401315964611,0.11,1.0,8.069362352472668e-05,0
Indochine,0,0.33082548066360407,0.09,0.5,0.0001944015182901026,0
Plastilina Mosh,0,0.3314231903552066,0.12666666666666668,1.0,7.644920813754854e-05,0
Fiersa Besari,0,0.3316891994444445,0.03333333333333333,1.0,0.0001149641249966729,0
João Gilberto,0,0.3318737463235295,0.056666666666666664,1.0,0.00010434487932818924,0
Massive Attack,0,0.3324560626458041,0.12666666666666668,0.5,0.00017152890627401281,0
Sertab Erener,0,0.3329395812807885,0.09666666666666666,0.2,0.0003161469895882722,0
Farzad Golpayegani,0,0.33325602808368815,0.11333333333333333,1.0,8.403384262305887e-05,0
George Dalaras,0,0.333271068888889,0.03333333333333333,1.0,0.00011870225411045725,0
Smartface,0,0.333579073684211,0.06333333333333334,1.0,0.00010494534781064391,0
Sumo,0,0.334435425279453,0.13333333333333333,0.16666666666666666,0.0002931827026017688,0
Anupam Roy,0,0.3347437343250691,0.4033333333333333,0.14285714285714285,9.557505704576884e-05,0
Juanes,0,0.3361056739130436,0.08,0.5,0.0002258465961510718,0
Ricky Nelson,0,0.3366759576023395,0.06333333333333334,0.3333333333333333,0.00031914427284324495,0
Racionais MC's,0,0.33856747181818203,0.03666666666666667,1.0,0.00013023947996494066,0
Little Apple Band,0,0.3397869227124185,0.06,1.0,0.00012071010142190222,0
Faithless,0,0.3402354355538466,0.08666666666666667,1.0,0.00010857427889989399,0
Angelica Maria,0,0.3402580952380956,0.05,1.0,0.00012723788515738499,0
İlhan İrem,0,0.34055657894736857,0.06333333333333334,0.25,0.0003935846902444501,0
Alice In Chains,0,0.34119691676345953,0.10666666666666667,0.25,0.00033075189090717356,0
Leslie Cheung,0,0.34131888428571455,0.05,1.0,0.00012999758970753679,0
Babasónicos,0,0.34151708641197953,0.16666666666666666,0.16666666666666666,0.0002930248548365722,0
Paul Kalkbrenner,0,0.34178583572080357,0.09666666666666666,0.5,0.00023576989735457719,0
Ivan Rebroff,0,0.3428648201282055,0.13333333333333333,1.0,9.362690468506151e-05,0
keshi,0,0.34292838404761905,0.12,1.0,9.929741640249092e-05,0
Omar S,0,0.34338031954844606,0.17666666666666667,1.0,7.847787967048778e-05,0
Dhanush;Anirudh Ravichander,0,0.34360826212121265,0.04,0.3333333333333333,0.0004060444015986179,0
MR TOUT LE MONDE,0,0.3436577795454545,0.04,1.0,0.0001423034294264477,0
Flatt & Scruggs,0,0.344150608974359,0.043333333333333335,1.0,0.00014167730995642816,0
Above & Beyond,0,0.3451295922712121,0.04,1.0,0.00014660365420206164,0
Gersson Edinbaro,0,0.3455762343915346,0.09333333333333334,1.0,0.00011753210203365081,0
Zachary Knowles,0,0.34624433630769247,0.043333333333333335,0.5,0.00032474841368407335,0
Alka Yagnik;Kumar Sanu,0,0.346747234848485,0.04,0.5,0.0003328183789130948,0
Jagjit Singh,0,0.346806810989011,0.04666666666666667,0.5,0.00032377553202503676,0
The Maine,0,0.3475255081818185,0.03666666666666667,0.3333333333333333,0.00044588034614717744,0
Alex Ubago,0,0.34768453477272754,0.04,1.0,0.00015437929620386166,0
Deluxe,0,0.34796510989011,0.04666666666666667,0.5,0.00033144957527500986,0
Jeremy Zucker,0,0.34814660454545454,0.03666666666666667,0.5,0.000347329067744597,0
Ramil Ganjoo,0,0.34860818782051295,0.043333333333333335,0.25,0.0005048971389415637,0
Aimer,0,0.3486383053487251,0.13,0.25,0.0003476622576063926,0
Dora The Explorer,0,0.34964739833906855,0.19333333333333333,0.3333333333333333,0.00023682198765568078,0
Cyclo,0,0.35069269345333354,0.08333333333333333,1.0,0.00013609351608872796,0
Bobby Day,0,0.3512545454545456,0.03666666666666667,0.25,0.000548182980238797,0
Galy Galiano,0,0.3518503648351651,0.04666666666666667,1.0,0.0001631907107533592,0
Bruno Mars,0,0.35248685,0.04,0.5,0.0003737812995705006,0
Ryuji Imaichi,0,0.35323767647058857,0.06,1.0,0.00015845468660204433,0
サザンオールスターズ,0,0.35402810099527715,0.13,1.0,0.0001190460947115532,0
Groove Armada,0,0.35456836675858994,0.043333333333333335,1.0,0.00017491052174567495,0
Cyndi Lauper,0,0.3551824545454546,0.03666666666666667,1.0,0.00018226309209866046,0
Crumb,0,0.3555169776594155,0.06333333333333334,0.5,0.0003593595597102123,0
Marc Anthony,0,0.35606705192792354,0.10666666666666667,0.5,0.00030143810741071255,0
L'Impératrice,0,0.3570652563636366,0.03666666666666667,0.5,0.0004159779203020805,0
Los Teen Tops,0,0.3590560084033616,0.11666666666666667,0.5,0.000306704946602037,0
blackbear,0,0.36041511163888895,0.03333333333333333,0.5,0.0004515770335921267,0
Emancipator,0,0.36102725641025646,0.043333333333333335,1.0,0.0001993209362403058,0
William Luna,0,0.3611368513333335,0.08333333333333333,1.0,0.00016810690321347258,0
Hollow Coves,0,0.361375861666667,0.03333333333333333,0.5,0.00046043583274078717,0
Pitty,0,0.36164953118463095,0.11,0.3333333333333333,0.00043243451075322415,0
Eric Chou,0,0.36174782894736857,0.06333333333333334,1.0,0.00018553161328598836,0
Brent Morgan,0,0.362074168888889,0.03333333333333333,0.5,0.00046698354031362855,0
Kochetkovv,0,0.36231470588235304,0.06,0.5,0.0004182861941700933,0
Kato,0,0.363906545422078,0.18666666666666668,1.0,0.00011385147665122786,0
Ashwin Adwani,0,0.3649157051282055,0.043333333333333335,0.3333333333333333,0.0006158054647273308,0
Dj Promo,0,0.3656142949672796,0.09333333333333334,0.3333333333333333,0.0005034430709845928,0
Commodores,0,0.3659926609848485,0.04,0.3333333333333333,0.0006384708965634948,0
Norah Jones,0,0.366177875803132,0.5,0.5,6.77930813979448e-05,0
MALIQ & D'Essentials,0,0.36626355555555556,0.03333333333333333,0.5,0.000508266452414668,0
Lonesome River Band,0,0.3664461111111116,0.03333333333333333,1.0,0.00023221189474576404,0
Tom Walker,0,0.3664945244444445,0.03333333333333333,0.3333333333333333,0.000663789068534453,0
iamjakehill,0,0.36710209526881754,0.10333333333333333,0.5,0.000382262660356808,0
KAYDEN,0,0.3675380323736266,0.04666666666666667,0.5,0.0004923960679515972,0
Rend Collective,0,0.36771689912857164,0.05,0.5,0.0004871279665688259,0
BaianaSystem,0,0.36841220584772094,0.20666666666666667,0.2,0.00040310392945445045,0
Gelena Velikanova,0,0.3686219461904766,0.05,1.0,0.00022582782644820984,0
G.E.M.,0,0.36986857138211393,0.14,1.0,0.00015708564946014363,0
Yxngxr1,0,0.37025963636363646,0.03666666666666667,0.5,0.0005431757701975507,0
Billie Eilish,0,0.3704837461479371,0.22666666666666666,0.5,0.0002404682539130078,0
Miranda!,0,0.3712643075574916,0.14,1.0,0.00016158366300005232,0
Lulu Santos,0,0.3715311425022285,0.11333333333333333,0.3333333333333333,0.0005205425646010047,0
Chris Cornell,0,0.37160224583333357,0.04,0.3333333333333333,0.0007151438489251618,0
Pinkfong,0,0.3717404706477735,0.13,1.0,0.0001703386322356457,0
Bruno & Marrone,0,0.37213611052048756,0.14333333333333334,1.0,0.0001621106446193771,0
Celtic Woman,0,0.3734440116666671,0.07,1.0,0.0002283867656782609,0
Moodymann,0,0.3735302533337216,0.11333333333333333,0.5,0.0004169542728423784,0
The Platters,0,0.37420895500725704,0.17666666666666667,0.3333333333333333,0.000418183443081296,0
Powfu,0,0.3754783375000006,0.05333333333333334,1.0,0.0002557167490586013,0
Hov1,0,0.375592284545455,0.03666666666666667,1.0,0.00027540914011774353,0
FINNEAS,0,0.3760298933333336,0.03333333333333333,0.3333333333333333,0.0008049079059020479,0
Marco Antonio Muñiz,0,0.376158275,0.05333333333333334,1.0,0.0002592576286368743,0
Alka Yagnik,0,0.376279761904762,0.05,1.0,0.00026365883642760486,0
Zé Ramalho,0,0.37654857172833356,0.08333333333333333,0.5,0.0005044024023868485,0
Lifafa,0,0.3765654969696971,0.04,0.25,0.0009013799462550393,0
Sam Smith,0,0.377210173913044,0.15333333333333332,0.5,0.00037800120484556416,0
Beyond,0,0.37746453269230806,0.04666666666666667,1.0,0.0002739633888926622,0
Diante do Trono;Ana Paula Valadão,0,0.3776200055555555,0.03333333333333333,0.5,0.0006394577033719478,0
Bounty Killer,0,0.3776881833589746,0.043333333333333335,1.0,0.0002791904541115932,0
George Ezra,0,0.37851001284585006,0.07666666666666666,0.3333333333333333,0.000702088697409293,0
Zaeden,0,0.3793043449197866,0.11333333333333333,0.25,0.0006944871690254978,0
Crystal Castles,0,0.37946899800505307,0.06666666666666667,0.25,0.0008520730618213235,0
Fiji Blue,0,0.380403198571429,0.05,1.0,0.00028658981028644945,0
Joan Sebastian,0,0.3811735294117651,0.11333333333333333,1.0,0.00022151138756838822,0
Danna Paola,0,0.3816150547765156,0.04,1.0,0.00030664459707595765,0
Fresno,0,0.3824692346229055,0.07666666666666666,0.3333333333333333,0.0007605926844291912,0
Claire Rosinkranz,0,0.382530213675214,0.09,0.5,0.0005531206131826179,0
Surgeon,0,0.38367656677851003,0.12666666666666668,1.0,0.00021999207895276448,0
Samuca e a Selva,0,0.384065935784314,0.06,1.0,0.00029559804710428824,0
Fernandinho,0,0.38469484376058005,0.12666666666666668,0.5,0.0004933619697809362,0
Radiohead,0,0.38478964855263154,0.06666666666666667,0.25,0.000948815648723861,0
Armandinho,0,0.38479809439743606,0.043333333333333335,0.5,0.0007081291452763433,0
M83,0,0.38530791651272756,0.04,0.5,0.0007258207493364909,0
Michael Ball;Alfie Boe,0,0.3859222368421056,0.06666666666666667,0.5,0.0006550809485927076,0
Canção & Louvor,0,0.3861867083333336,0.03333333333333333,0.5,0.0007603718597731651,0
Gusttavo Lima,0,0.3869751348731886,0.08,1.0,0.00028760288986317005,0
hope mona,0,0.387260425,0.05333333333333334,1.0,0.0003245236161018346,0
Kester,0,0.3898980456458335,0.08,1.0,0.000305116878366072,0
Culture Club,0,0.38990955952380946,0.07,0.5,0.0006999429383544658,0
Aerosmith,0,0.390399143285417,0.05333333333333334,0.5,0.0007595647203771148,0
Los Fabulosos Cadillacs,0,0.391178697997976,0.13,0.5,0.0005544478858417494,0
Tan Taşçı,0,0.3918859913043481,0.07666666666666666,1.0,0.0003222330922904703,0
EXILE,0,0.3923743428833336,0.03333333333333333,1.0,0.00039230106200521765,0
Moderat,0,0.3930405136062095,0.06,0.3333333333333333,0.001011925149297492,0
Michael W. Smith,0,0.3938103326436786,0.1,0.5,0.0006654904080935904,0
Kinderen voor Kinderen,0,0.3938246765215345,0.09333333333333334,1.0,0.000311875505723766,0
Mark D. Pencil,0,0.39420468676834153,0.04,1.0,0.0003955567238092061,0
Mokhov,0,0.39426378678268004,0.06,1.0,0.0003633039512462605,0
Serkan Kaya,0,0.3942787912087915,0.04666666666666667,1.0,0.0003849229739644013,0
Trazendo a Arca,0,0.394838522074757,0.21,0.3333333333333333,0.0005496765262054406,0
Eddie Meduza,0,0.395848862820513,0.043333333333333335,1.0,0.00040309355386377416,0
Jay Chou,0,0.3962331533426835,0.31,1.0,0.00012861035742256762,0
Los Enanitos Verdes,0,0.39634567718349756,0.09666666666666666,0.2,0.0011392397880206385,0
Shirley Carvalhaes,0,0.3964879261363641,0.04,0.5,0.0009098641890113911,0
DGHTR,0,0.396684788257576,0.04,1.0,0.00041590105321567404,0
KK,0,0.39701034697802207,0.04666666666666667,0.5,0.0008934762852049322,0
Aretha Franklin,0,0.3973916363636365,0.03666666666666667,0.3333333333333333,0.0012218086238437557,0
Ben Mazué,0,0.398861893939394,0.04,1.0,0.00043462015679235686,0
Balsam Range,0,0.39904955263157904,0.06666666666666667,1.0,0.00038888030514821434,0
Joy Division,0,0.3991012987730821,0.05,0.25,0.001361352957411046,0
Ollie,0,0.399257747894737,0.06666666666666667,1.0,0.0003905210358221938,0
Röyksopp,0,0.3997811261690005,0.07333333333333333,1.0,0.0003834910501786803,0
ChuChu TV,0,0.4010343044554925,0.11,1.0,0.00033580551510553136,0
Chord Overstreet,0,0.401398222727273,0.03666666666666667,1.0,0.0004641159208391664,0
Stephen Lynch,0,0.4014874340909096,0.07333333333333333,1.0,0.00039695469896336677,0
Lund,0,0.40176338712280757,0.13,0.3333333333333333,0.0008926627448041109,0
Deterioration,0,0.4020760499,0.03666666666666667,1.0,0.00047052104206672397,0
brakence,0,0.402084,0.03333333333333333,0.5,0.0010485130798379024,0
Zara Larsson,0,0.4021032906136365,0.11,0.2,0.001208342414096525,0
The Smith Street Band,0,0.4027220215400985,0.09666666666666666,0.3333333333333333,0.0010507379310061135,0
Jubiläumscast Wien 2012,0,0.403770098011364,0.11,1.0,0.0003549082666937772,0
The Beach Boys,0,0.403841619794286,0.5866666666666667,0.5,9.993221373657838e-05,0
LooLoo Kids,0,0.4042119148550726,0.08,1.0,0.00040755188055628254,0
Kyson,0,0.40472697225378806,0.11,0.5,0.0007948091668083961,0
Masaharu Fukuyama,0,0.4049064393701055,0.12333333333333334,0.3333333333333333,0.0009789382422171907,0
The Everly Brothers,0,0.40504281249999996,0.05333333333333334,0.3333333333333333,0.0013272529972746408,0
Soda Stereo,0,0.4055863028537555,0.23666666666666666,0.25,0.0006942245020052504,0
Tineidae,0,0.405931859469697,0.04,1.0,0.0005014149983523928,0
Tritonal,0,0.4059421249550005,0.08333333333333333,0.3333333333333333,0.0011877030066749007,0
Cavetown,0,0.4072720137727275,0.03666666666666667,0.5,0.0011478022702050888,0
Victor & Leo,0,0.40874111111111155,0.03333333333333333,1.0,0.0005461984821044115,0
Manjari,0,0.408839394871795,0.043333333333333335,1.0,0.0005241886509685011,0
Ekwon,0,0.4091698243655516,0.03333333333333333,1.0,0.0005509536731299785,0
Dinah Washington,0,0.4096968181818186,0.03666666666666667,0.3333333333333333,0.0015666289067217012,0
Najim Arshad,0,0.41043993969298254,0.06333333333333334,1.0,0.0004966952192068686,0
Clinton Kane,0,0.41197098039215707,0.06,0.5,0.0011413992777010364,0
Kodak Black,0,0.41206152703833354,0.08333333333333333,1.0,0.0004708434259162351,0
Coldplay,0,0.41215409986742446,0.04,1.0,0.0005686388188383651,0
Jah Vinci,0,0.41240988305128257,0.043333333333333335,0.5,0.0012373104144858464,0
D’MASIV,0,0.41266906156410255,0.043333333333333335,1.0,0.0005663913313885982,0
Negritude Junior,0,0.41273131272727304,0.03666666666666667,0.5,0.0012816637165207556,0
Natalia Jiménez,0,0.413216878535948,0.06,1.0,0.0005329882313488671,0
Astor Piazzolla,0,0.41456267210526354,0.06666666666666667,1.0,0.0005321712809656127,0
Sajeer Koppam,0,0.41495033549783555,0.07333333333333333,1.0,0.0005211606030523188,0
Dopplereffekt,0,0.4149574488636365,0.04,1.0,0.0006018000555754496,0
Fluke,0,0.41520605089791707,0.08333333333333333,0.5,0.0011019470704932569,0
Ariana Grande,0,0.4163681918181821,0.03666666666666667,0.5,0.0013793837038936108,0
Upchurch,0,0.4168393785996105,0.07333333333333333,1.0,0.0005414518349192938,0
Jorge & Mateus,0,0.4169363357843141,0.06,1.0,0.0005746171136696829,0
The Who,0,0.4181222984330485,0.09,0.25,0.001682693451465007,0
Kate Bush,0,0.4181298573573575,0.12333333333333334,0.16666666666666666,0.0016619414892713126,0
Igor Talkov,0,0.41865833961538457,0.08666666666666667,1.0,0.000530352606196631,0
Bee Gees,0,0.4190104810679235,0.12666666666666668,0.5,0.0009872952081248772,0
That Girl Lay Lay,0,0.419137243589744,0.043333333333333335,1.0,0.0006455225822218345,0
Sonu Nigam,0,0.419904772727273,0.04,1.0,0.0006651073276256555,0
Ellie Goulding,0,0.4208783229175055,0.23666666666666666,0.16666666666666666,0.0010781438298416534,0
Pal Joey,0,0.4224596064270516,0.056666666666666664,1.0,0.0006518048712965316,0
Passion;Chris Tomlin,0,0.422509475606061,0.04,1.0,0.0007010692769779414,0
Il Volo,0,0.4236233379365081,0.12,1.0,0.0005078595225079331,0
Ray Charles,0,0.4240043083003955,0.07666666666666666,0.25,0.002006893663141769,0
Eikichi Yazawa,0,0.4243975553766296,0.3433333333333333,0.5,0.0004325865713202291,0
Jon Kennedy,0,0.425158024802311,0.04,1.0,0.000739629527381266,0
Fritz Kalkbrenner,0,0.42543375789657156,0.05,0.5,0.0015641313469802185,0
44phantom,0,0.4271381893809525,0.05,0.5,0.0016189165637571052,0
Days N Daze,0,0.42726824632034655,0.07333333333333333,0.5,0.00146796455464083,0
Александр Добронравов,0,0.4274495788461541,0.04666666666666667,1.0,0.0007527511306779907,0
Roy Orbison,0,0.427645384795322,0.06333333333333334,0.3333333333333333,0.002006816079598713,0
Deep Chills,0,0.428051272777778,0.03333333333333333,0.3333333333333333,0.002302252623893617,0
Yusuf / Cat Stevens,0,0.428589773809524,0.07,0.25,0.002265635983569868,0
ILLENIUM,0,0.4287437245454545,0.03666666666666667,0.5,0.001771110714912373,0
Tarja,0,0.4289636608333335,0.04,0.5,0.0017536396057309584,0
Tanmaya Bhatnagar,0,0.4294700000000006,0.04,0.25,0.0026240710698927456,0
Kid Travis,0,0.42971249734848505,0.04,1.0,0.0008109585946750656,0
Frank Turner,0,0.4300816814516325,0.07333333333333333,1.0,0.0007076752723355698,0
Estela Nuñez,0,0.43091757352941207,0.056666666666666664,0.5,0.0016978723010626343,0
Marilyn Manson,0,0.4310441144164795,0.35,0.25,0.0007125619039159346,0
Kraff Gad,0,0.4312790133333335,0.07,0.5,0.0016148621537583569,0
Vybz Kartel,0,0.431793014628445,0.4266666666666667,0.3333333333333333,0.0004559142110205557,0
R.E.M.,0,0.43307118571428604,0.07,0.2,0.0026827188801573465,0
New Order,0,0.4333033735995251,0.056666666666666664,0.3333333333333333,0.002315127536787912,0
Videoclub,0,0.43331538076923104,0.043333333333333335,0.5,0.0018874301166444199,0
Celtic Thunder,0,0.4343365231060611,0.04,1.0,0.0008904113348028052,0
Los Baby's,0,0.43439453504273506,0.09,1.0,0.0007186133130850159,0
William Onyeabor,0,0.4351502741333335,0.03333333333333333,1.0,0.0009315646878742004,0
George Winston,0,0.436443746603949,0.14,0.5,0.0013258263430574945,0
"""Weird Al"" Yankovic",0,0.43706445968095253,0.05,1.0,0.000901192555547758,0
Elvis Costello & The Attractions,0,0.439430566871316,0.08666666666666667,1.0,0.0008071393254997457,0
La Mississippi,0,0.43975422791590946,0.03666666666666667,0.25,0.0032756235787614117,0
JJ Lin,0,0.4413379452906405,0.09666666666666666,1.0,0.0008034748848837906,0
Journey,0,0.441733015727778,0.03333333333333333,0.5,0.002335441071036504,0
Hillsong Worship,0,0.44199860625634246,0.26,1.0,0.000402652505947123,0
Denise Ho,0,0.4427250867424245,0.04,1.0,0.0010549230961554902,0
Luke Vibert,0,0.442974682482551,0.08666666666666667,1.0,0.0008670835209065187,0
Taylor Swift,0,0.4431055890909096,0.03666666666666667,1.0,0.0010784474130588221,0
Ichika Nito,0,0.44360189750000056,0.06666666666666667,0.5,0.0021010562289030203,0
Maceo Plex,0,0.4437504896292246,0.03333333333333333,0.3333333333333333,0.0031601824098442454,0
Pritam;Arijit Singh,0,0.44393372093023253,0.14333333333333334,1.0,0.0006924564896635101,0
The Lil Smokies,0,0.44412842833333355,0.03333333333333333,1.0,0.0011168997788474722,0
Rilès,0,0.4444414305555555,0.03333333333333333,1.0,0.0011239866439887163,0
Robert Hood,0,0.44467012271202255,0.26,0.5,0.0009334744088344722,0
Porsche Love,0,0.4450806755555561,0.03333333333333333,1.0,0.0011386000065424693,0
Punch Brothers,0,0.4453350549450551,0.04666666666666667,1.0,0.0010805630391760015,0
Isak Danielson,0,0.4461092185185186,0.09,0.3333333333333333,0.002597231343785169,0
The Baseballs,0,0.4486103635616886,0.07333333333333333,1.0,0.0010291688955328844,0
Bella Poarch,0,0.44875048750000057,0.05333333333333334,1.0,0.0011249883648193112,0
Leo Sayer,0,0.4495020533333335,0.03333333333333333,0.2,0.0043741887998870015,0
Desmond Dennis,0,0.44965600355630253,0.11666666666666667,1.0,0.0008720728287366579,0
Blake Rules;Netherfriends,0,0.45028280772239704,0.18,1.0,0.0006721801084385073,0
Sia,0,0.450330544318182,0.04,0.5,0.0026993390283907657,0
Ministry,0,0.4505826544590821,0.07,1.0,0.0010865144860911146,0
Mokita,0,0.450650842647059,0.056666666666666664,0.5,0.002528827561565753,0
Die Toten Hosen,0,0.450844530289355,0.17,0.3333333333333333,0.002025238899669242,0
Akina Nakamori,0,0.4511166900000001,0.09,0.5,0.002211551540983966,0
Samuel Kim,0,0.4512895358602711,0.09666666666666666,1.0,0.000982491562733236,0
WowKidz,0,0.45159460605042057,0.11666666666666667,1.0,0.0009069223464688397,0
Fireboy DML,0,0.45159817380952405,0.05,1.0,0.0012088615304053254,0
Ella Fitzgerald;Louis Armstrong,0,0.4517140375661376,0.09333333333333334,0.5,0.0022064913252981505,0
King,0,0.4526847286561265,0.07666666666666666,0.5,0.0024174941297390924,0
Finding Hope,0,0.45315459,0.03666666666666667,1.0,0.001321245688769815,0
Alphaxone,0,0.4531548421245426,0.26,1.0,0.0005045502717200757,0
Town Mountain,0,0.454509181818182,0.03666666666666667,1.0,0.001357903911703067,0
YUNGBLUD,0,0.4547132713407256,0.14,0.3333333333333333,0.002491562458091799,0
Havoc Mathan;Havoc Naven,0,0.45486212532806347,0.07666666666666666,1.0,0.0011511080360830722,0
Murilo Huff,0,0.45571142576923107,0.08666666666666667,1.0,0.001121643554515379,0
Juanafé,0,0.4560125250000001,0.043333333333333335,1.0,0.0013601466892993166,0
Stephen Sanchez,0,0.456700571565657,0.15,0.3333333333333333,0.0024842731649603895,0
Creep Hyp,0,0.456999395155798,0.15,0.25,0.0028487514677537824,0
James Brown,0,0.4576341532258066,0.10666666666666667,0.5,0.0023478662165300444,0
Lazy Leopard,0,0.45858200000000005,0.03666666666666667,1.0,0.0014743548973982275,0
Rojin Sharafi,0,0.4585907350361905,0.07333333333333333,1.0,0.0012591395620269728,0
Maximillian,0,0.458905151515152,0.04,0.5,0.0032090141969679555,0
Sérgio Reis,0,0.45907622222222255,0.03333333333333333,1.0,0.0015106845026905142,0
Kenny Larkin,0,0.4591492206671265,0.1,0.3333333333333333,0.003236423067961448,0
Mini Pop Kids,0,0.459233381080309,0.19333333333333333,1.0,0.0007605108726002657,0
Powerman 5000,0,0.45936280174854105,0.03666666666666667,1.0,0.0014977934951676136,0
Felix Da Housecat,0,0.4604745526457825,0.08666666666666667,1.0,0.0012349639053934448,0
Underground Resistance,0,0.4614725987564765,0.07,1.0,0.0013539353354304875,0
Alka Yagnik;Udit Narayan,0,0.4626892763157896,0.06333333333333334,0.5,0.0031328153434028276,0
Ángeles Del Infierno,0,0.4641104404708185,0.03666666666666667,1.0,0.001648538002485703,0
Måneskin,0,0.46435758040909103,0.04,0.3333333333333333,0.004651835627470294,0
Parachute,0,0.46439520588235306,0.06,0.3333333333333333,0.004272171206403426,0
Armaan Malik,0,0.4647896111111115,0.03333333333333333,0.5,0.0037182706933709094,0
Brock Ansiolitiko,0,0.46483216346153855,0.04666666666666667,1.0,0.0016022275143344504,0
Poop Emoji,0,0.4648606196557975,0.08,1.0,0.0013887173998324972,0
MASN,0,0.46495903201058253,0.09333333333333334,0.3333333333333333,0.0037443751870013166,0
Elis Regina,0,0.4659476449275365,0.08,0.25,0.004609541346502671,0
Nationalteatern,0,0.4660451533333335,0.03333333333333333,0.5,0.0038135602752107623,0
Firehouse,0,0.46741272014806856,0.04,0.5,0.003809405324906094,0
The Blaze,0,0.4678966307727275,0.03666666666666667,1.0,0.0017795381910025471,0
Cidade Verde Sounds,0,0.4680588461538465,0.043333333333333335,1.0,0.0017348476297199974,0
Duman,0,0.4681912211794875,0.043333333333333335,0.3333333333333333,0.00495369826978018,0
The Steeldrivers,0,0.46825709956710004,0.07333333333333333,1.0,0.0015306790188629857,0
Tai Verdes,0,0.46865706060606105,0.04,0.5,0.003906139453300305,0
Alkaline,0,0.46898733492965405,0.07333333333333333,0.5,0.0034073265797741523,0
Léo Magalhães,0,0.46901658188405804,0.08,0.5,0.0033129981285172426,0
Spice,0,0.4694480414835166,0.04666666666666667,0.5,0.0038568091154993537,0
Holly Humberstone,0,0.46945686274509846,0.06,0.5,0.003642652393373775,0
Alan Menken;Disney,0,0.47049362508912707,0.11333333333333333,0.5,0.002957332818794295,0
The Lumineers,0,0.4706471590909095,0.04,1.0,0.0018543661308379948,0
for KING & COUNTRY,0,0.47068906340740757,0.09,0.5,0.003282410763152939,0
MC STAN,0,0.4710753200000005,0.03333333333333333,1.0,0.001924940117174037,0
Grateful Dead,0,0.47113084967320307,0.06,1.0,0.0017180372475423442,0
Kevin Saunderson;e-Dancer,0,0.47126651963410104,0.03666666666666667,1.0,0.0019048488521434981,0
Doja Cat,0,0.47168644886363653,0.04,0.5,0.004151993281466369,0
New Model Army,0,0.471876450025268,0.14,1.0,0.001235678633903623,0
Jesse Rice,0,0.4720443310416671,0.05333333333333334,1.0,0.0018009967829984927,0
Criolo;Emicida,0,0.47250383333333357,0.03333333333333333,1.0,0.0019812696281798063,0
sumika,0,0.47286216727272756,0.03666666666666667,0.3333333333333333,0.0055998558965504736,0
La Quinta Estacion,0,0.47302290454545504,0.03666666666666667,0.5,0.004326809459751642,0
Gabriel Brito,0,0.47339203250000006,0.08333333333333333,0.5,0.003567037903568962,0
RADWIMPS;Toko Miura,0,0.474171,0.03333333333333333,0.3333333333333333,0.005832034931404671,0
Calle 13,0,0.47427733861039,0.07333333333333333,1.0,0.0017285886418337984,0
The Jayhawks,0,0.47494656237714306,0.04666666666666667,1.0,0.0019653096497707074,0
Edson & Hudson,0,0.47522928916666707,0.05333333333333334,0.5,0.004210919538940549,0
Isadora Pompeo,0,0.475691043510417,0.05333333333333334,0.5,0.004250272136703714,0
Kenshi Yonezu,0,0.47619463906190507,0.07,0.5,0.003996917675419282,0
Charlie Brown Jr.,0,0.4764846559880591,0.5633333333333334,0.25,0.0007118059026591615,0
Mahalia,0,0.4767132051282055,0.09,0.3333333333333333,0.004813159834367723,0
Teoman,0,0.478241463655385,0.08666666666666667,1.0,0.0017681611017849876,0
10cc,0,0.478394897777778,0.03333333333333333,0.25,0.007232813439481157,0
Biquini Cavadão,0,0.478798041369804,0.17,0.25,0.004056751199646788,0
Skillibeng,0,0.4789039827272731,0.03666666666666667,0.5,0.0048708120982702725,0
Ceephax Acid Crew,0,0.47914431615669806,0.056666666666666664,1.0,0.002048990466694825,0
Hidra,0,0.4796102994285716,0.07,1.0,0.0019529654594272554,0
Christopher Zondaflex Tyler,0,0.480004871056664,0.11666666666666667,1.0,0.0016101855475483136,0
Ron Trent,0,0.48073271035573906,0.09666666666666666,1.0,0.0017810179290795216,0
Nightwish,0,0.4809845534339541,0.2,0.3333333333333333,0.003269908712785241,0
Lacuna Coil,0,0.4810035959503066,0.04,1.0,0.002285594186691611,0
Zhanna Bichevskaya,0,0.48145889583333357,0.05333333333333334,1.0,0.0021780352959963312,0
Model 500,0,0.48290303427781456,0.07333333333333333,1.0,0.0020574705309112694,0
Kijugo,0,0.4831024703557315,0.07666666666666666,1.0,0.0020363374113527323,0
The Smashing Pumpkins,0,0.4834598943616141,0.09333333333333334,0.2,0.0066960738502062555,0
Tom Odell,0,0.48417656363636397,0.03666666666666667,0.5,0.005416117114080158,0
Los Pasteles Verdes,0,0.48435199720286704,0.08333333333333333,0.5,0.004448537269047451,0
Kite,0,0.48456464771523455,0.04666666666666667,1.0,0.0023864473814929144,0
Roupa Nova,0,0.4847935754010695,0.11333333333333333,0.5,0.003945557860037122,0
Frankie Knuckles,0,0.4850262714795456,0.03666666666666667,1.0,0.0025147093134099477,0
Stone Temple Pilots,0,0.4860805493075655,0.06666666666666667,0.2,0.00791181090533192,0
Anabantha,0,0.486329393125,0.056666666666666664,1.0,0.002368801023735074,0
CoComelon,0,0.48686550208643853,0.4066666666666667,1.0,0.0005300051310370568,0
QUEEN BEE,0,0.487002948139706,0.056666666666666664,0.25,0.007780018426098939,0
Tony Vega,0,0.4873253551282055,0.043333333333333335,1.0,0.002559630433568282,0
Surfaces,0,0.48734303238095256,0.05,1.0,0.0024881300135451818,0
Bryan Adams,0,0.488177058164462,0.5233333333333333,0.3333333333333333,0.0009396085787131107,0
Nusrat Fateh Ali Khan,0,0.48864409560606104,0.15,0.5,0.0036422744340538055,0
Vaundy,0,0.48869594605909106,0.04,0.5,0.0058473826149084696,0
The Drifters,0,0.4888326378205131,0.13333333333333333,0.25,0.005811319174762311,0
Gabby Barrett,0,0.4889000522251086,0.07333333333333333,1.0,0.0023222446899878895,0
Mindi Dickstein;Jason Howland;'Little Women' Original Broadway Cast,0,0.4890789743589745,0.043333333333333335,1.0,0.0026518219538653317,0
Opeth,0,0.48951954379799045,0.10666666666666667,0.3333333333333333,0.005798153248963278,0
Titãs,0,0.48981189788333357,0.15333333333333332,0.25,0.00543962423175344,0
SHRK;Shiloh Dynasty,0,0.49032145857142906,0.05,0.5,0.005788061900791896,0
JPEGMAFIA,0,0.49039913863834006,0.07666666666666666,1.0,0.0023594858147011335,0
Los Freddy's,0,0.4906673320158106,0.07666666666666666,1.0,0.0023722919428654666,0
Aaron Carl,0,0.49099397327105554,0.03333333333333333,1.0,0.0028774459543196686,0
Gustavo Mioto,0,0.49178173076923104,0.04666666666666667,1.0,0.0027605652366903587,0
The Temptations,0,0.4918756553535355,0.15,0.5,0.0038873906467212877,0
Fall Out Boy,0,0.49221008560367097,0.13666666666666666,0.5,0.004144438212332701,0
K. S. Harisankar,0,0.49277217142857155,0.07,1.0,0.0025472738578730023,0
Humberto & Ronaldo,0,0.4929065217391305,0.07666666666666666,0.5,0.005437957393454591,0
yaeow,0,0.493824714666667,0.08333333333333333,0.5,0.005383147847909776,0
Parham,0,0.4947537418181821,0.03666666666666667,1.0,0.003059958634989643,0
Grupo Niche,0,0.4959833400000001,0.06666666666666667,1.0,0.002757038522051687,0
The Dead Milkmen,0,0.49621413569218753,0.05333333333333334,0.2,0.010262666017125296,0
Henrique & Juliano,0,0.496290691744914,0.24,1.0,0.001315267430112111,0
Oingo Boingo,0,0.4964057368872551,0.06,1.0,0.0028615354234248934,0
Zack Tabudlo,0,0.49698256500000004,0.05333333333333334,1.0,0.00297924682652982,0
Propellerheads,0,0.4981110221678625,0.04666666666666667,0.5,0.0068666658529294355,0
Cliff Richard,0,0.4983340461538466,0.04666666666666667,0.5,0.00689750319154702,0
Eduardo Costa,0,0.498411552631579,0.06666666666666667,1.0,0.002895454500541201,0
Ben Howard,0,0.49859988631578955,0.06666666666666667,0.25,0.009406380316362477,0
Oliver Wallace,0,0.49867027708333356,0.05333333333333334,1.0,0.003082405205977934,0
Amado Batista,0,0.4989695454545455,0.03666666666666667,1.0,0.0033314796593602995,0
Koffee,0,0.499734695738562,0.06,0.5,0.006700432970738798,0
Fish Leong,0,0.49978481060606106,0.04,0.5,0.007307178608743123,0
Allison,0,0.500008081106061,0.04,0.5,0.007340015950648807,0
The Crystal Method,0,0.5001857118058575,0.05,1.0,0.003223947353819298,0
The Reverend Horton Heat,0,0.501125236989978,0.03333333333333333,0.5,0.007723870156915586,0
Christina Perri,0,0.5012702821969701,0.04,0.3333333333333333,0.009765648329731756,0
The Smithereens,0,0.5019870802444445,0.03333333333333333,0.25,0.011605669887895676,0
Sade,0,0.5020555763636365,0.03666666666666667,1.0,0.0035453386983890444,0
Shannon & The Clams,0,0.5022386017927931,0.12333333333333334,0.5,0.005370591157887589,0
Ekin Cheng,0,0.5024422800000001,0.05,1.0,0.0033740279690085383,0
Matogrosso & Mathias,0,0.5025043677083336,0.05333333333333334,1.0,0.003330181977273934,0
Roy Davis Jr.,0,0.50305898698692,0.05,1.0,0.0034162421697796846,0
Sukima Switch,0,0.503467708327778,0.03333333333333333,0.3333333333333333,0.010499682824656496,0
Carl Craig,0,0.5037701450831711,0.09,1.0,0.00291789828981152,0
dhruv,0,0.5042251802083335,0.05333333333333334,0.5,0.007545311800774083,0
Novo Som,0,0.5042393148260871,0.08,0.5,0.006732777200294056,0
The Mamas & The Papas,0,0.5046221212121216,0.04,0.5,0.008052375724922288,0
Jackie Mittoo,0,0.5051244351734214,0.06333333333333334,0.3333333333333333,0.00954863893887355,0
Kenny Chesney,0,0.5053310170128205,0.043333333333333335,1.0,0.0036803249681936216,0
Jack Hartmann,0,0.50536024907666,0.14666666666666667,1.0,0.0023610913320076974,0
Atif Aslam,0,0.505744230769231,0.04666666666666667,0.5,0.00800411534908099,0
Scorpions,0,0.5060692393967885,0.17,0.25,0.007022424000780281,0
Bon Jovi,0,0.5062960425666114,0.11333333333333333,0.5,0.00608268807131527,0
Justnormal,0,0.5069342581531271,0.19666666666666666,1.0,0.0019653253047914663,0
K. G. Markose,0,0.5082426695128205,0.043333333333333335,1.0,0.0039027513482512155,0
Royal & the Serpent,0,0.5082708021052635,0.06666666666666667,0.25,0.011415869146702676,0
Kidsounds,0,0.508745032777778,0.03333333333333333,1.0,0.004115549189611773,0
Justin Bieber,0,0.5091508812462195,0.19333333333333333,1.0,0.002084984677458937,0
La Sonora Matancera,0,0.5098750000000001,0.03666666666666667,1.0,0.004150449289475946,0
Toini & The Tomcats,0,0.5106810554545456,0.15,1.0,0.002591287928794318,0
Yeni Türkü,0,0.5107070131868134,0.04666666666666667,0.25,0.013051671807720726,0
The Black Keys,0,0.5119880551966315,0.15,0.14285714285714285,0.010182352401845264,0
Polish Club,0,0.5125823705218955,0.03666666666666667,1.0,0.004383091227724432,0
Patton Oswalt,0,0.513665274666667,0.08333333333333333,1.0,0.003665837108948414,0
Diana Ross,0,0.5137932222222226,0.03333333333333333,0.5,0.009957646052232622,0
Mr. Fingers,0,0.514143553473768,0.14666666666666667,0.3333333333333333,0.008011679633091972,0
Eason Chan,0,0.5145642238019805,0.33666666666666667,0.5,0.0027526802398713155,0
Timmies;Shiloh Dynasty,0,0.514643555555556,0.03333333333333333,0.5,0.010128675426456273,0
Andrés Calamaro,0,0.5147008284761905,0.07333333333333333,0.25,0.012617810291004334,0
Smokey Robinson & The Miracles,0,0.514949450526316,0.06666666666666667,0.5,0.00883797884622754,0
Lou Rawls,0,0.51566,0.03333333333333333,0.25,0.015247438784219539,0
André Rieu;Johann Strauss Orchestra,0,0.5159800252380955,0.05,1.0,0.004432303053332141,0
Anuradha Paudwal,0,0.5160517708333335,0.05333333333333334,0.5,0.009565338864739774,0
Nelson Ned,0,0.5162979549242426,0.04,0.5,0.010175991923188514,0
Şanışer,0,0.5163171653846155,0.043333333333333335,1.0,0.004592111960489908,0
Don Williams,0,0.517193277777778,0.03333333333333333,1.0,0.004878887242278687,0
Max Richter,0,0.5174032773833335,0.05333333333333334,1.0,0.004496357460055474,0
Joe Hisaishi,0,0.5176693477777781,0.03333333333333333,0.5,0.010761172014627675,0
Soweto,0,0.5179098366013075,0.06,0.5,0.00964934398427711,0
The Laurie Berkner Band,0,0.5180606043956045,0.04666666666666667,1.0,0.004688596375727379,0
Purples,0,0.5182796011904764,0.07333333333333333,0.5,0.00918268834230598,0
Yonder Mountain String Band,0,0.518414030911681,0.09,1.0,0.003920072544837786,0
Attaque 77,0,0.5186576643832594,0.13,0.3333333333333333,0.00941877728109661,0
Desejo De Menina,0,0.5187921625,0.05333333333333334,1.0,0.004623894173080666,0
The Minds Of 99,0,0.5188744479704095,0.06333333333333334,0.5,0.00969853064734454,0
Nikolay Erdenko,0,0.5191369021978025,0.04666666666666667,1.0,0.004791310795394153,0
Flower,0,0.5195793385,0.10666666666666667,1.0,0.0037358221208750528,0
Shawn Mendes,0,0.5198181271428575,0.07,0.5,0.009606097111134637,0
Thiaguinho,0,0.5198398160919545,0.1,1.0,0.0038646415202407943,0
Jacky Cheung,0,0.520056167792339,0.10666666666666667,0.5,0.008251510787489364,0
Tatiana,0,0.5201711411172241,0.06666666666666667,1.0,0.004489530130978777,0
George Jones;Tammy Wynette,0,0.520899965277778,0.12,1.0,0.0036229064168128793,0
Nani Azevedo,0,0.521604983888889,0.03333333333333333,0.5,0.011642621905582,0
Arijit Singh,0,0.521789921568628,0.17333333333333334,0.5,0.0064218518219283744,0
Sonia Rivas,0,0.5218953888888891,0.03333333333333333,1.0,0.00536317495455266,0
Nogizaka46,0,0.5219471331343395,0.29333333333333333,0.5,0.0038488701277622187,0
7 Minutoz,0,0.523000130769231,0.043333333333333335,1.0,0.005253396295067637,0
Beenie Man,0,0.5230425423655916,0.10333333333333333,0.3333333333333333,0.011522826480083358,0
TK from Ling tosite sigure,0,0.5232277517115385,0.04666666666666667,0.25,0.016751048914453014,0
The Devil Makes Three,0,0.5235884926470591,0.056666666666666664,1.0,0.005020303456166397,0
Amy Liz,0,0.5237879545454545,0.04,0.3333333333333333,0.015314407032544955,0
Omar Apollo,0,0.523881052777778,0.06,1.0,0.00497821266562357,0
Los Apson,0,0.5242492341897236,0.07666666666666666,1.0,0.004668922387635386,0
Lil Tjay,0,0.5245781333333335,0.043333333333333335,1.0,0.005422885533852774,0
GAYLE,0,0.524937781996435,0.11333333333333333,0.5,0.008844489767854923,0
Big Up,0,0.5254295403846155,0.04666666666666667,0.25,0.01750070734421512,0
Psychostick,0,0.526161306718128,0.07333333333333333,1.0,0.004922105209491012,0
Jubin Nautiyal,0,0.527124358974359,0.09,0.3333333333333333,0.01323277931942739,0
D.O.D,0,0.5274616901256415,0.043333333333333335,0.3333333333333333,0.01624506759675606,0
Bryan & Katie Torwalt,0,0.528012047912879,0.04,1.0,0.005894406317915686,0
Alejandro Sanz,0,0.5284372168831171,0.07333333333333333,0.3333333333333333,0.014582035480986862,0
Stephan Bodzin,0,0.5287312833333335,0.043333333333333335,0.3333333333333333,0.016660675673212128,0
Guns N' Roses,0,0.5292074788264776,0.14333333333333334,0.3333333333333333,0.010990412077323914,0
Frejat,0,0.5292451364285715,0.07,0.3333333333333333,0.015030183067981906,0
Flower Face,0,0.5296445806878309,0.09333333333333334,0.3333333333333333,0.013719368590721061,0
For Revenge,0,0.529793444277421,0.1,0.5,0.01031974227809078,0
NAALAYAK,0,0.5303166590909095,0.03666666666666667,0.3333333333333333,0.01768718460289923,0
Orchestral Manoeuvres In The Dark,0,0.5307058524168186,0.03666666666666667,1.0,0.006312052013755755,0
Oliver Koletzki,0,0.5311734733186815,0.04666666666666667,0.3333333333333333,0.017244334520993398,0
Pappo,0,0.5312576147074359,0.043333333333333335,1.0,0.006202624909421717,0
Terrence Parker,0,0.5314224901347635,0.10666666666666667,1.0,0.004742427448936164,0
Engenheiros Do Hawaii,0,0.5319631932883335,0.08333333333333333,0.3333333333333333,0.014992714502936696,0
MC Hariel,0,0.533178198529412,0.056666666666666664,1.0,0.006088611305270022,0
Bishop Briggs,0,0.5332343672294375,0.07333333333333333,0.25,0.01825296200993233,0
Los Tukas,0,0.5335697584478025,0.04666666666666667,1.0,0.006405542717175275,0
Roni Size,0,0.5336986935374355,0.04666666666666667,0.5,0.014005064677199064,0
Suzonn,0,0.5337157142857145,0.09333333333333334,0.25,0.01693070595855508,0
Chris Tomlin,0,0.534099925566044,0.26,0.3333333333333333,0.007362122323416747,0
Benito Di Paula,0,0.5342359191176476,0.056666666666666664,0.3333333333333333,0.01756607857639194,0
Green Day,0,0.5343177901391156,0.07666666666666666,1.0,0.005717692492034104,0
Orbital,0,0.5343547112072881,0.13333333333333333,0.5,0.009806543187533674,0
Taba Chake,0,0.5352948575498575,0.09,0.25,0.017719284139296555,0
Becky G,0,0.535528814318182,0.03666666666666667,0.25,0.02230461632747252,0
BLACKPINK,0,0.535576523459662,0.15333333333333332,0.5,0.009226419532669209,0
Rata Blanca,0,0.5359090864470075,0.20666666666666667,0.5,0.007393206041606864,0
Soundgarden,0,0.5364929345128291,0.09666666666666666,0.2,0.019058226931503712,0
Momoiro Clover Z,0,0.5366510007922101,0.17333333333333334,1.0,0.003957076080033018,0
Kay Tse,0,0.536916325757576,0.04,1.0,0.007049653453626433,0
Roots Manuva,0,0.5376407758596495,0.06333333333333334,1.0,0.006472438288098736,0
Cameron's Bedtime Classics,0,0.538621918762421,0.14666666666666667,1.0,0.004617059895637673,0
Patricio Rey y sus Redonditos de Ricota,0,0.5392581270365085,0.18666666666666668,0.3333333333333333,0.011169935041997136,0
Chico Rey & Paraná,0,0.5392934389487181,0.043333333333333335,1.0,0.00728958380142668,0
Lykke Li,0,0.539706272727273,0.03666666666666667,0.25,0.024223917020026485,0
Ritviz,0,0.5397459322930885,0.27666666666666667,0.14285714285714285,0.010335666889102955,0
DEVO,0,0.5402230443636364,0.03666666666666667,1.0,0.007641993286289316,0
Drexciya,0,0.540395568167601,0.17666666666666667,1.0,0.004206490965358399,0
Blake Shelton,0,0.5405389383333334,0.05333333333333334,1.0,0.007160873420388672,0
Paradise Lost,0,0.5405999180631605,0.03666666666666667,0.5,0.01676629391576534,0
Papon,0,0.5406593735632186,0.1,0.5,0.012824370540912192,0
Mabel,0,0.5419139559574471,0.16,0.5,0.010181323930872075,0
SHIKI THEATRE COMPANY,0,0.5419338815789475,0.06666666666666667,1.0,0.006955533674990914,0
Clara Mae,0,0.5419533447802201,0.04666666666666667,0.5,0.01650844461848548,0
Bharat Chauhan,0,0.5426595742424245,0.04,0.25,0.025319706951425804,0
Ahiyan,0,0.5426784555555559,0.03333333333333333,1.0,0.008143397625738636,0
Paramore,0,0.543241551646771,0.12333333333333334,0.5,0.012225569801177661,0
Bassnectar,0,0.5440517058174805,0.04666666666666667,1.0,0.00790666501792014,0
Shania Twain,0,0.5441091776515155,0.04,1.0,0.008144878886060301,0
My Chemical Romance,0,0.5446425857554311,0.17666666666666667,0.5,0.010014391089016108,0
TOMORROW X TOGETHER,0,0.5449704610000001,0.043333333333333335,1.0,0.008169504859300812,0
Porter Robinson,0,0.5460520982439026,0.14,0.3333333333333333,0.015603609165643108,0
"Original (German) Cast of ""Tanz Der Vampire""",0,0.5461236636842111,0.06666666666666667,1.0,0.0075661442576806974,0
Marvin Gaye,0,0.546319638843077,0.08666666666666667,0.3333333333333333,0.01966550218748224,0
Skank,0,0.5467928511981319,0.04666666666666667,0.25,0.026709344967983908,0
Govana,0,0.547427,0.03666666666666667,0.5,0.019201823709165337,0
Kiawasch Sahebnassagh,0,0.5474423779642861,0.07333333333333333,1.0,0.007550522307486507,0
Mavado,0,0.5477579224819356,0.10666666666666667,0.5,0.01436268849519364,0
Octave One,0,0.547843361541251,0.09333333333333334,0.5,0.015226044693370236,0
Epica,0,0.5495590347042001,0.08333333333333333,0.5,0.016438488230982092,0
Mon Laferte,0,0.5495855386029416,0.056666666666666664,0.5,0.018415497486088797,0
Cupid,0,0.5500173294966996,0.09666666666666666,0.5,0.015676300434293838,0
The Stranglers,0,0.550183331810985,0.043333333333333335,0.3333333333333333,0.025483288326739215,0
Reginaldo Rossi,0,0.550787316666667,0.05333333333333334,0.3333333333333333,0.024726532632414172,0
Shamanes Crew,0,0.5514243934065935,0.04666666666666667,1.0,0.009166795520113449,0
Jorge Aragão,0,0.5514683544126245,0.19666666666666666,0.3333333333333333,0.013661477441967518,0
Zezo,0,0.5514708,0.07666666666666666,1.0,0.008070448630750118,0
Shakin' Stevens,0,0.552891032727273,0.03666666666666667,0.5,0.021398123022030854,0
Chronic Law,0,0.5534049742740474,0.19333333333333333,0.5,0.011114783460568737,0
GG Magree,0,0.554013639840889,0.03333333333333333,0.5,0.022188766752979015,0
Jehan Barbur,0,0.5540910000000006,0.03333333333333333,0.25,0.03259359078410374,0
Lil Peep,0,0.5543080080561451,0.10333333333333333,1.0,0.007621827496667479,0
Keenan Te,0,0.5546482251082255,0.07333333333333333,0.5,0.018975345102297786,0
Anderson Freire,0,0.555046221818182,0.03666666666666667,0.5,0.022330433326496035,0
Breakfast For Brunch,0,0.55538217948718,0.043333333333333335,1.0,0.01006564666386998,0
Melissa Horn,0,0.555494807692308,0.043333333333333335,1.0,0.01008837592694968,0
Karen Mok,0,0.555581637426901,0.06333333333333334,0.5,0.020165062279339004,0
Las Pastillas del Abuelo,0,0.5556369194333335,0.05333333333333334,0.5,0.021058386833186407,0
Martha Reeves & The Vandellas,0,0.5570925555555555,0.03333333333333333,0.2,0.037289255898034675,0
Greensky Bluegrass,0,0.5573887375803626,0.19666666666666666,0.3333333333333333,0.015373037438655616,0
Andy Hui,0,0.5584677272727275,0.03666666666666667,1.0,0.011016019573902056,0
Melanie Martinez,0,0.559206748039216,0.06,0.5,0.02197317584961074,0
Ara Ketu,0,0.559934181818182,0.03666666666666667,0.25,0.03603121431838569,0
Matheus & Kauan,0,0.5603109505550421,0.15666666666666668,1.0,0.006842527863306644,0
Skeng,0,0.5608261818181821,0.03666666666666667,0.5,0.025031010937461223,0
JJ Heller,0,0.5608673705882354,0.056666666666666664,1.0,0.010612389508277607,0
BOØWY,0,0.5609904268308256,0.29333333333333333,0.3333333333333333,0.010945566096262477,0
Seu Jorge,0,0.5612178363636365,0.03666666666666667,0.5,0.025225105238455905,0
Mild High Club,0,0.561245954766392,0.043333333333333335,0.25,0.0359540818615723,0
Em Beihold,0,0.561497272727273,0.04,0.5,0.02501139926279913,0
Red Hot Chili Peppers,0,0.5618621852431335,0.53,0.2,0.004980498169604693,0
Banda Magníficos,0,0.5619310488636365,0.04,1.0,0.011639494847563488,0
Steely Dan,0,0.5624270199275365,0.08,0.25,0.03157861968183195,0
Format:B,0,0.562843808710182,0.03666666666666667,0.3333333333333333,0.03360067151291851,0
Faron Young,0,0.5634010276679845,0.07666666666666666,1.0,0.010250866006830008,0
Planetshakers,0,0.5635069078865911,0.14666666666666667,1.0,0.0076154223881313805,0
Noisia,0,0.564015296615038,0.04,0.5,0.026284151548445676,0
Anson Seabra,0,0.5642899389082465,0.14,0.5,0.01732703150947479,0
Cesária Evora,0,0.5645326923076925,0.04666666666666667,1.0,0.011917340310502341,0
Rodney Carrington,0,0.564674356060606,0.04,1.0,0.012295561308220768,0
Charlie Puth,0,0.564888679268293,0.13666666666666666,0.5,0.017783941347530658,0
Tears For Fears,0,0.5657748587564935,0.07333333333333333,1.0,0.010903745401207336,0
Unodavid,0,0.567311937777778,0.03333333333333333,0.5,0.02884077841754363,0
Los Amigos Invisibles,0,0.5676656909961226,0.16333333333333333,1.0,0.007708424585520368,0
The Chemical Brothers,0,0.5677614890849441,0.26666666666666666,0.25,0.015975892201038084,0
The Monkees,0,0.568687642045455,0.11,0.25,0.031494071008516034,0
Motohiro Hata,0,0.5687091875000001,0.05333333333333334,0.2,0.043011637600290815,0
Ray Price,0,0.568832882744496,0.21,1.0,0.006461472194909085,0
Shamoon Ismail,0,0.5689325133333335,0.03333333333333333,0.3333333333333333,0.03836558349956143,0
Mr.Children,0,0.5697993201085135,0.24,0.5,0.012642565930787416,0
White Reaper,0,0.569966440397763,0.04666666666666667,0.5,0.028733982856016287,0
Fetty Wap,0,0.570127420545455,0.04,0.5,0.02964114737515729,0
Lefty Frizzell,0,0.5701459461538465,0.08666666666666667,1.0,0.011242167013189329,0
Duran Duran,0,0.570204735367589,0.07666666666666666,1.0,0.011745763638257375,0
Diego & Victor Hugo,0,0.570383453030303,0.04,1.0,0.013780183856972343,0
Tove Lo,0,0.5705173115383785,0.26,0.3333333333333333,0.015257964040266341,0
Supertramp,0,0.570849777777778,0.03333333333333333,0.5,0.03091448282859398,0
Pj Panda,0,0.570958267268953,0.07666666666666666,1.0,0.011924039650497882,0
James Blunt,0,0.5711492772444445,0.03333333333333333,1.0,0.014394727536419986,0
The Future Sound Of London,0,0.5716258131669886,0.03666666666666667,1.0,0.0143276353859001,0
Eurythmics;Annie Lennox;Dave Stewart,0,0.5719828522426476,0.056666666666666664,0.5,0.02866851968552677,0
Kyoko Koizumi,0,0.5719864175824181,0.04666666666666667,1.0,0.013830120872522327,0
Dave Edmunds,0,0.5726171490909095,0.03666666666666667,0.3333333333333333,0.040647854493787654,0
Elena Kamburova,0,0.572722626797386,0.06,1.0,0.0132606171955198,0
Brian Eno,0,0.5733834718904766,0.05,1.0,0.014020747611706972,0
The Notorious B.I.G.,0,0.5739810160000001,0.08666666666666667,1.0,0.012138111452120319,0
Babyboomboom,0,0.5740363538461539,0.08666666666666667,1.0,0.012151542566225864,0
Jan Blomqvist,0,0.574625554956522,0.08,0.3333333333333333,0.035310492252640276,0
Alan Tam,0,0.574684229166667,0.05333333333333334,1.0,0.014186692723607591,0
STU48,0,0.5748216972727276,0.03666666666666667,1.0,0.015269965458629187,0
Inner City,0,0.5751364630493835,0.18666666666666668,1.0,0.008104254487809224,0
Gracie Abrams,0,0.576029485294118,0.056666666666666664,0.5,0.03103830486986496,0
Lobão,0,0.5763726950000005,0.03333333333333333,0.2,0.054115380521586265,0
Annie Lennox,0,0.5765637294294295,0.12333333333333334,0.3333333333333333,0.0306093859613826,0
Raimundos,0,0.5767002943353066,0.16333333333333333,0.2,0.03182349917183038,0
Motive,0,0.5779473195054945,0.04666666666666667,1.0,0.015575038984657072,0
Vald,0,0.578165661666667,0.03333333333333333,1.0,0.0165537644021346,0
Bazzi,0,0.57833147268046,0.1,0.5,0.027083391100559052,0
Só Pra Contrariar,0,0.5785005833333335,0.05333333333333334,0.5,0.03303383289184046,0
Calvin Harris,0,0.5786884599217275,0.03666666666666667,0.3333333333333333,0.04571713778207282,0
Hugh Masekela,0,0.5789167582417585,0.04666666666666667,1.0,0.015878616140321176,0
Panteon Rococo,0,0.5802440480991146,0.14333333333333334,0.3333333333333333,0.030260367276698792,0
Bad Bunny,0,0.580357295944149,0.16,0.25,0.032121567717784495,0
The Moody Blues,0,0.580916916666667,0.05333333333333334,0.14285714285714285,0.059224297876801765,0
Yuri Morfessi,0,0.5814051282051285,0.043333333333333335,1.0,0.016922318747345535,0
Jovonn,0,0.5814967889493146,0.04,1.0,0.01719452756875342,0
Josimar y Su Yambú,0,0.5815294727272731,0.03666666666666667,1.0,0.017450568027648397,0
Rashid Beibutov,0,0.5816385537037041,0.09,1.0,0.013944083738814865,0
Clayton & Romário,0,0.5817580494505495,0.04666666666666667,1.0,0.01680228437533009,0
Mariya Takeuchi,0,0.583194121666667,0.03333333333333333,0.25,0.05723053439236665,0
Rygin King,0,0.5832992013227516,0.09333333333333334,0.5,0.03070576950161631,0
Jonas Lundqvist,0,0.583503999264706,0.056666666666666664,1.0,0.01667358829774588,0
Los Pericos,0,0.583779299146667,0.06333333333333334,1.0,0.01629758463123171,0
AKB48,0,0.5838928647643766,0.15333333333333332,1.0,0.011137040294828014,0
Squeeze,0,0.584077206571429,0.11666666666666667,0.5,0.0282764814508749,0
Joachim Pastor,0,0.585217510239011,0.04666666666666667,0.3333333333333333,0.04975813864925599,0
Gerson Rufino,0,0.58552518838897,0.17666666666666667,0.3333333333333333,0.029194302101578345,0
Art Popular,0,0.5856508333333336,0.15,0.5,0.025357170365093922,0
Lynyrd Skynyrd,0,0.5859783610256415,0.13333333333333333,0.25,0.04004743748898988,0
Lacrimosa,0,0.587002417312,0.03333333333333333,1.0,0.019730187531504264,0
ThirumaLi,0,0.5872974243522731,0.04,1.0,0.01929414930127052,0
Sambô,0,0.5882281111111116,0.03333333333333333,1.0,0.020215525818589847,0
Louis Armstrong,0,0.588982640659341,0.04666666666666667,1.0,0.01939529796073976,0
Bad Boy Bill,0,0.589068389283062,0.043333333333333335,1.0,0.019704178775975842,0
Andrew Foy,0,0.5894052564102565,0.043333333333333335,0.5,0.04257892737612649,0
Webb Pierce,0,0.590116022727273,0.04,0.5,0.04376688154699875,0
Rick Astley,0,0.5903465863636366,0.04,0.5,0.04396250900661501,0
Barilari,0,0.5907618887614541,0.05,1.0,0.019810687272407937,0
Swedish House Mafia,0,0.591164012641026,0.043333333333333335,0.25,0.06394559336457091,0
Waterparks,0,0.591284206904762,0.07,0.5,0.03954701337619125,0
The Weeknd,0,0.591544192657143,0.05,1.0,0.020120353733947632,0
Hoobastank,0,0.591633154784647,0.08,0.16666666666666666,0.0629076898499149,0
Audio Bullys,0,0.5924852657631581,0.06333333333333334,1.0,0.019375484990450158,0
CKY,0,0.5930413535225556,0.05333333333333334,0.5,0.04383637395329792,0
Belchior,0,0.5935383076797389,0.06,0.5,0.04305892524220395,0
Gustavo Santaolalla,0,0.5936332757575761,0.04,1.0,0.02187498732635011,0
Capital Inicial,0,0.5938265984749764,0.07,0.3333333333333333,0.05335080348534875,0
Weißes Rauschen HD,0,0.594003964867141,0.15666666666666668,1.0,0.01343842412237695,0
Jimi Hendrix,0,0.5945863075584681,0.10666666666666667,0.25,0.05276827229030216,0
Oleg Pogudin,0,0.5946812221865815,0.29,1.0,0.007709048587724514,0
Marshmello;Khalid,0,0.5947583333333335,0.03333333333333333,0.2,0.07662919931618398,0
Get Dead,0,0.5948793874809106,0.03333333333333333,0.5,0.04931293020684614,0
Anuv Jain,0,0.5951783076923081,0.13333333333333333,0.25,0.04784777712287891,0
Popcaan,0,0.5954644171195655,0.08,0.3333333333333333,0.05284764050311821,0
Barão Vermelho,0,0.595504794152047,0.06333333333333334,0.3333333333333333,0.05660818199432918,0
Orlando Voorn,0,0.5971222603036366,0.03666666666666667,1.0,0.02376870872568739,0
Sergei Lemeshev,0,0.5975120963435375,0.16333333333333333,1.0,0.014009688570624068,0
Tinariwen,0,0.5977940318627455,0.06,0.5,0.046749367612227366,0
Glenn Underground,0,0.597805104936817,0.12333333333333334,1.0,0.01670164833019006,0
Fujii Kaze,0,0.5980614641897235,0.07666666666666666,0.5,0.043873960657230274,0
Michelle,0,0.598115965119048,0.07,0.5,0.045143902795190344,0
Sirkazhi Govindarajan,0,0.5985886029411764,0.056666666666666664,0.5,0.04812544408131658,0
Wolfgang Petry,0,0.5986618516666671,0.05333333333333334,1.0,0.022841163969435634,0
Jorge Ben Jor,0,0.598796699415205,0.06333333333333334,0.3333333333333333,0.060271508992235635,0
Riff,0,0.599210257731022,0.14333333333333334,0.25,0.0496291794443593,0
PHARAOH,0,0.5997414438888891,0.03333333333333333,1.0,0.025383072607590977,0
Lorenz Büffel,0,0.5998043282967035,0.04666666666666667,0.5,0.05132509063742632,0
Kevin Bloody Wilson,0,0.5998392000000006,0.08333333333333333,1.0,0.02059917403296932,0
Sanah Moidutty,0,0.5998914761904766,0.07,0.3333333333333333,0.05989804666180579,0
Alvin & The Chipmunks;David Seville,1,1.0,0.04,1.0,0.9881168782025679,1
Anitta;Missy Elliott,1,1.0,0.08,0.5,0.9935386985811632,1
Becky Hill;Topic,1,1.0,0.05333333333333334,0.3333333333333333,0.9955612193340123,1
Charlie Puth;Jung Kook,1,1.0,0.05333333333333334,1.0,0.9874221511333333,1
Chris Jedi;Anuel AA;Chencho Corleone;Ñengo Flow,1,1.0,0.11,0.25,0.9950316229747159,1
Don Omar;Alexis y Fido,1,1.0,0.03333333333333333,0.2,0.9966955077015208,1
Felix Jaehn;Ray Dalton,1,1.0,0.05333333333333334,0.25,0.996104956235001,1
Felix Jaehn;Zoe Wees,1,1.0,0.05333333333333334,0.25,0.996104956235001,1
J Balvin;Bad Bunny;Marciano Cantero,1,1.0,0.10666666666666667,0.25,0.995102211421348,1
Jack Harlow;Drake,1,1.0,0.056666666666666664,0.5,0.9941538282398972,1
James Hype;Miggy Dela Rosa,1,1.0,0.11,0.25,0.9950316229747159,1
Jason Derulo;Kodak Black,1,1.0,0.05333333333333334,1.0,0.9874221511333333,1
Joel Corry;MNEK,1,1.0,0.056666666666666664,0.3333333333333333,0.995497216317481,1
Lalo Ebratt;Sebastian Yatra;Yera;Trapical Minds,1,1.0,0.05333333333333334,0.25,0.996104956235001,1
Nathan Dawe;Ella Henderson,1,1.0,0.09,0.5,0.9932557716323829,1
Omah Lay;Justin Bieber,1,1.0,0.056666666666666664,1.0,0.9872422943457466,1
Tiësto;KAROL G,1,1.0,0.05333333333333334,0.25,0.996104956235001,1
The Killers;Ryan Pardey,1,1.0,0.08,0.25,0.9956321401038258,1
Years & Years;Gryffin,1,1.0,0.03666666666666667,0.3333333333333333,0.9958678997055976,1
ILLENIUM;Teddy Swims,1,1.0,0.08,0.3333333333333333,0.9950227292347678,1
Burna Boy;Wizkid,1,1.0,0.056666666666666664,0.3333333333333333,0.995497216317481,1
ILLENIUM;Skylar Grey,1,1.0,0.04,0.25,0.9963218822019393,1
Pink Sweat$;6LACK,1,1.0,0.04,0.5,0.9945572152458844,1
Matoma;Brando,1,1.0,0.04,0.3333333333333333,0.9958083001112841,1
ILLENIUM;Spiritbox,1,1.0,0.03333333333333333,0.25,0.9964257881822456,1
Jhayco;Bad Bunny,1,1.0,0.21333333333333335,0.25,0.9922623503818525,1
Becky Hill;Joel Corry,1,1.0,0.09,0.3333333333333333,0.9948044450849287,1
Kevin Roldan;Bryant Myers;Lyanno,1,1.0,0.08,0.25,0.9956321401038258,1
Alesso;Katy Perry,1,1.0,0.06333333333333334,0.25,0.9959339404917985,1
Rod Stewart;Michael Bublé,1,1.0,0.03666666666666667,1.0,0.9882845515149461,1
Don Omar;Plan B,1,1.0,0.03666666666666667,0.2,0.996647804978987,1
Feid;Maluma;Sky Rompiendo,1,1.0,0.03333333333333333,0.2,0.9966955077015208,1
Marshmello;Demi Lovato,1,1.0,0.03333333333333333,0.2,0.9966955077015208,1
Feid;Totoy El Frio,1,1.0,0.03333333333333333,0.2,0.9966955077015208,1
KAROL G;Maldy,1,1.0,0.09333333333333334,0.5,0.9931587546749723,1
Robin Schulz;Tom Walker,1,1.0,0.08666666666666667,0.25,0.9955052660402111,1
Nat King Cole;John Legend,1,1.0,0.04666666666666667,1.0,0.9877743874118224,1
Felix Jaehn;Robin Schulz;Georgia Ku,1,1.0,0.04,0.25,0.9963218822019393,1
De La Ghetto,1,1.0,0.03333333333333333,0.2,0.9966955077015208,1
Jimmy Buffett,1,1.0,0.04,0.3333333333333333,0.9958083001112841,1
The Pogues;Kirsty MacColl,1,1.0,0.05,0.3333333333333333,0.9956243166040437,1
Robin Schulz;David Guetta,1,1.0,0.17333333333333334,0.2,0.9939713578474908,1
David Guetta;MistaJam;John Newman,1,1.0,0.06333333333333334,0.3333333333333333,0.9953664413360938,1
"Tito ""El Bambino"";Randy",1,1.0,0.06666666666666667,0.25,0.9958752894954247,1
Kacey Musgraves;Camila Cabello,1,1.0,0.043333333333333335,1.0,0.9879468343914515,1
Topic;Robin Schulz;Nico Santos;Paul van Dyk,1,1.0,0.043333333333333335,0.25,0.9962688061177638,1
Mariah Angeliq;Guaynaa,1,1.0,0.04666666666666667,0.5,0.9943992932749977,1
Kacey Musgraves;Leon Bridges,1,1.0,0.03666666666666667,1.0,0.9882845515149461,1
Brandi Carlile;Lucius,1,1.0,0.05,0.5,0.9943186319936059,1
Juan Magán;Maffio,1,1.0,0.03333333333333333,0.2,0.9966955077015208,1
Rudimental;Anne-Marie;Tion Wayne,1,1.0,0.03333333333333333,0.3333333333333333,0.9959266553507125,1
MEDUZA;James Carter;Elley Duhé;FAST BOY,1,1.0,0.05,0.3333333333333333,0.9956243166040437,1
Chris Jedi;J Balvin;Ozuna;Arcangel,1,1.0,0.04,0.25,0.9963218822019393,1
Charli XCX;Rina Sawayama,1,1.0,0.05,1.0,0.9875995041679572,1
Joey Montana;Sebastian Yatra,1,1.0,0.07666666666666666,0.25,0.9956942335952325,1
Don Omar;Zion & Lennox,1,1.0,0.06666666666666667,0.2,0.99618639211457,1
NEIKED;Anne-Marie;Latto,1,1.0,0.043333333333333335,1.0,0.9879468343914515,1
Topic;Bebe Rexha,1,1.0,0.04,0.25,0.9963218822019393,1
Kacey Musgraves;Lana Del Rey,1,1.0,0.043333333333333335,1.0,0.9879468343914515,1
Burna Boy;Ed Sheeran,1,1.0,0.12333333333333334,0.3333333333333333,0.9940057300273919,1
Afrojack;Black V Neck;Muni Long,1,1.0,0.03666666666666667,0.25,0.9963742060286799,1
Joey Montana;Lalo Ebratt,1,1.0,0.03666666666666667,0.25,0.9963742060286799,1
Alejo;Feid;ROBI,1,1.0,0.14666666666666667,0.25,0.9941850844421506,1
Justin Quiles;Robin Schulz,1,1.0,0.12333333333333334,0.2,0.9951353900463489,1
The Knocks;Rivers Cuomo;Royal & the Serpent,1,1.0,0.06666666666666667,0.25,0.9958752894954247,1
Wisin & Yandel;Anthony Santos,1,1.0,0.043333333333333335,0.16666666666666666,0.9967261508597905,1
Juan Magán;Belinda;Lapiz Conciente,1,1.0,0.05,0.2,0.9964500326129425,1
Felix Jaehn;The Stickmen Project;Calum Scott,1,1.0,0.043333333333333335,0.25,0.9962688061177638,1
Lola Indigo;Maria Becerra,1,1.0,0.043333333333333335,0.5,0.9944788157259368,1
David Guetta;Becky Hill;Ella Henderson,1,1.0,0.13,0.3333333333333333,0.9938319059939867,1
Marshmello;Anne-Marie,1,1.0,0.04,0.16666666666666666,0.9967727423074867,1
Nacho;Nicky Jam,1,1.0,0.04,0.25,0.9963218822019393,1
Daddy Yankee;Wisin & Yandel,1,1.0,0.06333333333333334,0.2,0.9962406361109112,1
Feid;J Balvin;Maluma;Nicky Jam;Sech;Justin Quiles,1,1.0,0.05,0.2,0.9964500326129425,1
Chris Jedi;Joey Montana,1,1.0,0.04,0.25,0.9963218822019393,1
The Shins,1,1.0,0.04,0.3333333333333333,0.9958083001112841,1
Clean Bandit;A7S,1,1.0,0.10333333333333333,0.3333333333333333,0.9944985187336839,1
MEDUZA;Goodboys,1,0.9999999909340659,0.04666666666666667,0.3333333333333333,0.9956865200447564,1
Zedd;Foxes,1,0.9999993503787878,0.04,0.2,0.9965993714436381,1
Sofía Reyes;Jason Derulo;De La Ghetto,1,0.9999991428571429,0.05,0.3333333333333333,0.9956242410594225,1
Anuel AA;KAROL G,1,0.99999911205074,0.14666666666666667,0.25,0.9941849805918209,1
Duke Dumont;Jax Jones,1,0.9999991079111111,0.03333333333333333,0.25,0.9964257239071863,1
Wisin & Yandel;Chris Brown;T-Pain,1,0.999999007936508,0.09333333333333334,0.16666666666666666,0.995941131527034,1
Alesso;Tove Lo,1,0.9999988109090909,0.03666666666666667,0.25,0.9963741191224194,1
Eric Prydz;Empire of the Sun,1,0.9999986549028571,0.04666666666666667,0.25,0.9962148644336943,1
Bad Bunny;Drake,1,0.9999960373626373,0.04666666666666667,0.25,0.9962146647491505,1
DJ Snake;Selena Gomez;Ozuna;Cardi B,1,0.9999953846153846,0.043333333333333335,0.2,0.9965500099047105,1
Zedd;Maren Morris;Grey,1,0.9999916883116883,0.07333333333333333,0.16666666666666666,0.9962748576198912,1
Jhayco;J Balvin;Bad Bunny,1,0.9999807142857143,0.07,0.25,0.9958141700542829,1
The Verve,1,0.9999785628571428,0.05,0.3333333333333333,0.9956224268431416,1
Lykke Li;The Magician,1,0.9999590972222222,0.06,0.25,0.9959884560580428,1
MEDUZA;Becky Hill;Goodboys,1,0.999956,0.05,0.25,0.9961569478944188,1
Marshmello;Jonas Brothers,1,0.9998750985520833,0.05333333333333334,0.2,0.9963897209192085,1
Alvaro Diaz;Rauw Alejandro,1,0.9998373684210526,0.06333333333333334,0.25,0.995920595350533,1
Jhayco;Anuel AA,1,0.9997723410202656,0.18,0.25,0.9932610386995457,1
Ellie Goulding;Diplo;Swae Lee,1,0.9997680433333334,0.05333333333333334,0.2,0.9963819217192832,1
J Balvin;Maria Becerra,1,0.999751156,0.17,0.25,0.9935409963737469,1
Zedd;Kehlani,1,0.9997138888888889,0.03333333333333333,0.2,0.9966763890901658,1
Zedd;Liam Payne,1,0.9997036306818182,0.04,0.2,0.9965790358827435,1
J Balvin;Skrillex,1,0.9996990295238095,0.05,0.25,0.9961369946672642,1
